categoria_2,data_iso,ticket_id,motivo,responsavel,status,status_2,inicio_dt,fim_dt,tempo_min
KYC/Reembolso,2026-01-01,930269,KYC/Reembolso,Lucas,Em espera,Aberto,2026-01-01 06:02:00,2026-01-01 06:06:00,4.0
Campanhas/CRM,2026-01-02,937163,Bloqueio/Fraude/Kyc,Lucas,Aberto,Pendente,2026-01-02 21:23:00,2026-01-02 22:17:00,54.0
Missão,2026-01-02,937180,Bloqueio/Fraude/Kyc,Lucas,Aberto,,2026-01-02 22:19:00,2026-01-02 22:22:00,3.0
Erro Plataforma,2026-01-02,937412,Bloqueio/Fraude/Kyc,Lucas,Aberto,Resolvido,2026-01-02 22:46:00,2026-01-02 22:48:00,2.0
Giros,2026-01-02,937331,"Financeiro (Depósito, saque e Devolução)",Lucas,Aberto,Em espera,2026-01-02 22:51:00,2026-01-02 22:54:00,3.0
PVE,2026-01-03,937674,Giros,Bárbara,Em espera,,2026-01-03 01:42:00,2026-01-03 01:43:00,1.0
Erro KYC,2026-01-03,937685,Giros,Bárbara,Em espera,,2026-01-03 01:52:00,2026-01-03 01:53:00,1.0
Auto Exclusão,2026-01-03,937770,Giros,Bárbara,Em espera,,2026-01-03 02:00:00,2026-01-03 02:01:00,1.0
,2026-01-03,937787,Indique e ganhe,Bárbara,Aberto,,2026-01-03 02:14:00,2026-01-03 02:23:00,9.0
,2026-01-03,938252,Bloqueio/Fraude/Kyc,Bárbara,Aberto,,2026-01-03 02:32:00,2026-01-03 02:41:00,9.0
,2026-01-03,937958,Bloqueio/Fraude,Bárbara,Aberto,,2026-01-03 02:50:00,2026-01-03 02:52:00,2.0
,2026-01-03,937696,KYC/Reembolso,Bárbara,Aberto,,2026-01-03 02:48:00,2026-01-03 02:54:00,6.0
Cashback,2026-01-03,938342,"Financeiro (Depósito, saque e Devolução)",Bárbara,Aberto,,2026-01-03 03:07:00,2026-01-03 03:10:00,3.0
Cassino,2026-01-03,938403,Cassino,Bárbara,Aberto,,2026-01-03 04:42:00,2026-01-03 04:47:00,5.0
"Financeiro (Depósito, saque e Devolução)",2026-01-03,938548,Giros,Bárbara,Em espera,,2026-01-03 05:25:00,2026-01-03 05:26:00,1.0
Reembolso,2026-01-03,938556,Bloqueio/Fraude/Kyc,Bárbara,Aberto,,2026-01-03 05:28:00,2026-01-03 05:32:00,4.0
Bloqueio/Ludopatia,2026-01-03,938552,Giros,Bárbara,Em espera,,2026-01-03 05:37:00,2026-01-03 05:38:00,1.0
Bloqueio/Fraude,2026-01-03,929178,Giros,Bárbara,Aberto,,2026-01-03 05:40:00,2026-01-03 05:42:00,2.0
Aposta esportiva,2026-01-03,938614,Giros,Bárbara,Aberto,,2026-01-03 06:17:00,2026-01-03 06:19:00,2.0
Bloqueio/Fraude/Kyc,2026-01-03,938613,Campanhas/CRM,Bárbara,Aberto,,2026-01-03 06:20:00,2026-01-03 06:36:00,16.0
Troca de E-mail,2026-01-03,938654,Giros,Bárbara,Em espera,,,,
,2026-01-04,943603,Aposta esportiva,Bárbara,Aberto,,2026-01-04 20:07:00,2026-01-04 20:10:00,3.0
,2026-01-04,943767,Troca de E-mail,Bárbara,Aberto,,2026-01-04 20:12:00,2026-01-04 20:17:00,5.0
,2026-01-04,944004,"Financeiro (Depósito, saque e Devolução)",Bárbara,Aberto,,2026-01-04 21:36:00,2026-01-04 21:50:00,14.0
,2026-01-04,944017,"Financeiro (Depósito, saque e Devolução)",Bárbara,Aberto,,2026-01-04 22:38:00,2026-01-04 22:40:00,2.0
,2026-01-05,944295,Troca de E-mail,Bárbara,Aberto,,2026-01-05 00:19:00,2026-01-05 00:27:00,8.0
,2026-01-05,944256,"Financeiro (Depósito, saque e Devolução)",Bárbara,Aberto,,2026-01-05 00:54:00,2026-01-05 01:00:00,6.0
,2026-01-05,944120,Giros,Lucas,Aberto,,2026-01-05 01:10:00,,
,2026-01-05,944171,Cashback,Lucas,Aberto,,2026-01-05 01:24:00,2026-01-05 01:30:00,6.0
,2026-01-05,944336,Cashback,Lucas,Aberto,,2026-01-05 02:02:00,2026-01-05 02:04:00,2.0
,2026-01-05,944387,KYC/Reembolso,Lucas,Aberto,,2026-01-05 02:06:00,2026-01-05 02:11:00,5.0
,2026-01-05,944471,KYC/Reembolso,Lucas,Aberto,,2026-01-05 02:12:00,2026-01-05 02:16:00,4.0
,2026-01-05,944669,KYC/Reembolso,Lucas,Aberto,,2026-01-05 02:48:00,2026-01-05 03:03:00,15.0
,2026-01-05,944268,Missão,Lucas,Aberto,,2026-01-05 03:08:00,,
,2026-01-05,944603,Missão,Lucas,Aberto,,2026-01-05 04:07:00,2026-01-05 04:09:00,2.0
,2026-01-05,944746,Campanhas/CRM,Lucas,Aberto,,2026-01-05 05:07:00,2026-01-05 05:15:00,8.0
,2026-01-05,944761,Campanhas/CRM,Lucas,Aberto,,2026-01-05 06:05:00,2026-01-05 06:07:00,2.0
,2026-01-05,944762,Campanhas/CRM,Lucas,Aberto,,2026-01-05 06:10:00,,
,2026-01-05,944770,KYC/Reembolso,Lucas,Aberto,,2026-01-05 06:12:00,,
,2026-01-06,950070,KYC/Reembolso,Lucas,Aberto,,2026-01-06 19:41:00,2026-01-06 19:48:00,7.0
,2026-01-06,950085,Indique e ganhe,Lucas,Aberto,,2026-01-06 19:54:00,2026-01-06 19:56:00,2.0
,2026-01-06,950173,Giros,Lucas,Aberto,,2026-01-06 20:47:00,2026-01-06 20:53:00,6.0
,2026-01-06,950289,Bloqueio/Fraude,Lucas,Aberto,,2026-01-06 21:25:00,2026-01-06 21:26:00,1.0
,2026-01-06,950526,KYC/Reembolso,Lucas,Aberto,,2026-01-06 21:01:00,2026-01-06 21:31:00,30.0
,2026-01-06,950387,KYC/Reembolso,Lucas,Aberto,,2026-01-06 21:32:00,2026-01-06 21:54:00,22.0
,2026-01-06,950533,KYC/Reembolso,Lucas,Aberto,,2026-01-06 21:40:00,2026-01-06 21:45:00,5.0
,2026-01-06,950747,KYC/Reembolso,Lucas,Aberto,,2026-01-06 22:01:00,2026-01-06 22:09:00,8.0
,2026-01-06,950707,KYC/Reembolso,Lucas,Aberto,,2026-01-06 22:11:00,2026-01-06 22:21:00,10.0
,2026-01-06,950653,KYC/Reembolso,Lucas,Aberto,,2026-01-06 22:28:00,2026-01-06 22:35:00,7.0
,2026-01-06,949995,Giros,Lucas,Aberto,,2026-01-06 22:38:00,2026-01-06 22:52:00,14.0
,2026-01-07,951101,Giros,Bárbara,Aberto,,2026-01-07 02:03:00,2026-01-07 02:32:00,29.0
,2026-01-07,951203,KYC/Reembolso,Bárbara,Aberto,,2026-01-07 02:35:00,2026-01-07 02:39:00,4.0
,2026-01-07,951122,KYC/Reembolso,Bárbara,Aberto,,2026-01-07 02:42:00,2026-01-07 02:46:00,4.0
,2026-01-07,951267,Giros,Bárbara,Aberto,,2026-01-07 02:53:00,2026-01-07 03:01:00,8.0
,2026-01-07,951275,Giros,Bárbara,Aberto,,2026-01-07 03:02:00,2026-01-07 03:04:00,2.0
,2026-01-07,952012,KYC/Reembolso,Bárbara,Aberto,,2026-01-07 03:06:00,2026-01-07 03:10:00,4.0
,2026-01-07,951677,KYC/Reembolso,Lucas,Aberto,,2026-01-07 03:07:00,2026-01-07 03:08:00,1.0
,2026-01-07,950447,Cassino,Lucas,Aberto,,2026-01-07 03:14:00,2026-01-07 03:17:00,3.0
,2026-01-07,951968,KYC/Reembolso,Bárbara,Em espera,,2026-01-07 03:15:00,2026-01-07 03:16:00,1.0
,2026-01-07,952194,Giros,Lucas,Aberto,,2026-01-07 04:34:00,2026-01-07 04:36:00,2.0
,2026-01-07,952160,Giros,Bárbara,Aberto,,2026-01-07 05:52:00,2026-01-07 06:02:00,10.0
,2026-01-07,952242,Aposta esportiva,Bárbara,Aberto,,2026-01-07 06:52:00,2026-01-07 06:54:00,2.0
,2026-01-07,952292,Giros,Bárbara,Aberto,,2026-01-07 06:23:00,2026-01-07 06:26:00,3.0
,2026-01-08,961993,KYC/Reembolso,Bárbara,Aberto,,2026-01-08 19:38:00,2026-01-08 19:44:00,6.0
,2026-01-09,963654,"Financeiro (Depósito, saque e Devolução)",Lucas,Aberto,,2026-01-09 02:26:00,2026-01-09 03:11:00,45.0
,2026-01-09,963626,Bloqueio/Fraude,Bárbara,Em espera,,2026-01-09 02:45:00,2026-01-09 02:46:00,1.0
,2026-01-09,963500,Bloqueio/Fraude,Bárbara,Em espera,,2026-01-09 02:46:00,2026-01-09 02:47:00,1.0
,2026-01-09,962630,KYC/Reembolso,Bárbara,Aberto,,2026-01-09 02:25:00,2026-01-09 02:49:00,24.0
,2026-01-09,962678,KYC/Reembolso,Bárbara,Aberto,,2026-01-09 03:09:00,2026-01-09 03:11:00,2.0
,2026-01-09,962578,KYC/Reembolso,Lucas,Aberto,,2026-01-09 03:07:00,2026-01-09 03:22:00,15.0
,2026-01-09,962483,KYC/Reembolso,Lucas,Aberto,,2026-01-09 03:12:00,2026-01-09 03:15:00,3.0
,2026-01-09,964251,Indique e ganhe,Lucas,Aberto,,2026-01-09 03:24:00,2026-01-09 03:51:00,27.0
,2026-01-09,962392,KYC/Reembolso,Lucas,Aberto,,2026-01-09 03:36:00,2026-01-09 03:45:00,9.0
,2026-01-09,965175,PVE,Lucas,Aberto,,2026-01-09 04:13:00,2026-01-09 05:50:00,97.0
,2026-01-09,961845,Cashback,Lucas,Em espera,,2026-01-09 03:57:00,2026-01-09 04:07:00,10.0
,2026-01-09,961814,Cashback,Lucas,Em espera,,2026-01-09 04:22:00,2026-01-09 04:26:00,4.0
,2026-01-09,961327,Erro Plataforma,Lucas,Aberto,,2026-01-09 04:29:00,2026-01-09 04:39:00,10.0
,2026-01-09,961269,Cashback,Lucas,Em espera,,2026-01-09 04:42:00,2026-01-09 04:44:00,2.0
,2026-01-09,961248,Cashback,Lucas,Aberto,,2026-01-09 04:45:00,2026-01-09 05:26:00,41.0
,2026-01-09,961150,Troca de E-mail,Lucas,Aberto,,2026-01-09 05:27:00,2026-01-09 05:38:00,11.0
,2026-01-09,965188,Bloqueio/Fraude,Bárbara,Aberto,,2026-01-09 05:44:00,2026-01-09 05:50:00,6.0
,2026-01-09,963765,PVE,Lucas,Aberto,,2026-01-09 05:52:00,2026-01-09 05:53:00,1.0
,2026-01-10,976466,KYC/Reembolso,Lucas,Aberto,,2026-01-10 19:44:00,2026-01-10 19:49:00,5.0
,2026-01-10,976146,Cashback,Lucas,Em espera,,2026-01-10 19:50:00,2026-01-10 19:55:00,5.0
,2026-01-10,976799,Bloqueio/Fraude/Kyc,Lucas,Aberto,,2026-01-10 20:01:00,2026-01-10 20:04:00,3.0
,2026-01-10,976316,KYC/Reembolso,Lucas,Aberto,,2026-01-10 20:22:00,2026-01-10 20:25:00,3.0
,2026-01-10,974960,PVE,Lucas,Aberto,,2026-01-10 21:16:00,2026-01-10 21:20:00,4.0
,2026-01-10,976942,Cashback,Lucas,Em espera,,2026-01-10 21:42:00,2026-01-10 21:46:00,4.0
,2026-01-10,977033,Cashback,Lucas,Aberto,,2026-01-10 21:59:00,2026-01-10 22:03:00,4.0
,2026-01-10,977286,"Financeiro (Depósito, saque e Devolução)",Lucas,Aberto,,2026-01-10 22:06:00,2026-01-10 22:14:00,8.0
,2026-01-10,976888,Cashback,Lucas,Em espera,,2026-01-10 22:16:00,2026-01-10 22:17:00,1.0
,2026-01-10,977309,Cashback,Lucas,Em espera,,2026-01-10 23:17:00,2026-01-10 23:22:00,5.0
,2026-01-11,977497,KYC/Reembolso,Lucas,Aberto,,2026-01-11 00:01:00,2026-01-11 00:04:00,3.0
,2026-01-11,978511,KYC/Reembolso,Bárbara,Aberto,,2026-01-11 03:04:00,2026-01-11 03:14:00,10.0
,2026-01-11,978215,Campanhas/CRM,Bárbara,Aberto,,2026-01-11 03:53:00,2026-01-11 03:55:00,2.0
,2026-01-11,978801,KYC/Reembolso,Bárbara,Aberto,,2026-01-11 05:37:00,2026-01-11 05:39:00,2.0
,2026-01-11,978823,"Financeiro (Depósito, saque e Devolução)",Bárbara,Aberto,,2026-01-11 05:55:00,2026-01-11 06:14:00,19.0
,2026-01-11,978839,Campanhas/CRM,Bárbara,Aberto,,2026-01-11 06:45:00,2026-01-11 06:55:00,10.0
,2026-01-12,968008,Campanhas/CRM,Bárbara,Em espera,,2026-01-12 19:27:00,2026-01-12 19:28:00,1.0
,2026-01-12,969481,Campanhas/CRM,Bárbara,Em espera,,2026-01-12 19:43:00,2026-01-12 19:44:00,1.0
,2026-01-12,983829,Campanhas/CRM,Bárbara,Aberto,,2026-01-12 19:56:00,2026-01-12 19:58:00,2.0
,2026-01-12,984529,Campanhas/CRM,Bárbara,Aberto,,2026-01-12 20:07:00,2026-01-12 20:12:00,5.0
,2026-01-12,984965,Campanhas/CRM,Bárbara,Aberto,,2026-01-12 20:40:00,2026-01-12 20:42:00,2.0
,2026-01-12,986681,"Financeiro (Depósito, saque e Devolução)",Bárbara,Aberto,,2026-01-12 20:52:00,2026-01-12 20:55:00,3.0
,2026-01-12,986504,Troca de E-mail,Bárbara,Aberto,,2026-01-12 20:55:00,2026-01-12 20:59:00,4.0
,2026-01-12,986482,KYC/Reembolso,Bárbara,Aberto,,2026-01-12 21:11:00,2026-01-12 21:14:00,3.0
,2026-01-12,986247,Bloqueio/Fraude/Kyc,Bárbara,Em espera,,2026-01-12 21:28:00,2026-01-12 21:29:00,1.0
,2026-01-12,986239,Bloqueio/Fraude/Kyc,Bárbara,Em espera,,2026-01-12 21:37:00,2026-01-12 21:38:00,1.0
,2026-01-12,985502,KYC/Reembolso,Bárbara,Aberto,,2026-01-12 21:43:00,2026-01-12 21:48:00,5.0
,2026-01-12,970324,"Financeiro (Depósito, saque e Devolução)",Bárbara,Aberto,,2026-01-12 21:55:00,2026-01-12 21:58:00,3.0
,2026-01-12,968277,Aposta esportiva,Bárbara,Aberto,,2026-01-12 22:03:00,2026-01-12 22:08:00,5.0
,2026-01-12,985631,Giros,Bárbara,Aberto,,2026-01-12 22:11:00,2026-01-12 22:13:00,2.0
,2026-01-12,958830,,,,,,,
,2026-01-12,986977,Giros,Bárbara,Aberto,,2026-01-12 22:36:00,2026-01-12 22:41:00,5.0
,2026-01-13,986656,Cashback,Lucas,Em espera,,2026-01-13 01:21:00,2026-01-13 01:23:00,2.0
,2026-01-13,987260,Troca de E-mail,Lucas,Aberto,,2026-01-13 01:24:00,2026-01-13 01:26:00,2.0
,2026-01-13,987350,Cashback,Lucas,Aberto,,2026-01-13 01:30:00,2026-01-13 01:31:00,1.0
,2026-01-13,987447,Giros,Lucas,Aberto,,2026-01-13 01:31:00,2026-01-13 01:33:00,2.0
,2026-01-13,987971,Bloqueio/Fraude,Lucas,Aberto,,2026-01-13 02:32:00,2026-01-13 02:35:00,3.0
,2026-01-13,987862,KYC/Reembolso,Lucas,Aberto,,2026-01-13 03:59:00,2026-01-13 04:01:00,2.0
,2026-01-13,988087,Cashback,Lucas,Aberto,,2026-01-13 04:32:00,2026-01-13 04:36:00,4.0
,2026-01-13,988180,KYC/Reembolso,Lucas,Aberto,,2026-01-13 05:22:00,2026-01-13 05:24:00,2.0
,2026-01-13,988083,Cashback,Lucas,Aberto,,2026-01-13 05:29:00,2026-01-13 05:34:00,5.0
,2026-01-13,988178,Indique e ganhe,Lucas,Aberto,,2026-01-13 05:39:00,2026-01-13 05:49:00,10.0
,2026-01-13,988221,Cashback,Lucas,Em espera,,2026-01-13 06:24:00,2026-01-13 06:47:00,23.0
,2026-01-14,995767,KYC/Reembolso,Lucas,Em espera,,2026-01-14 19:43:00,2026-01-14 19:44:00,1.0
,2026-01-14,995435,Bloqueio/Fraude,Lucas,Aberto,,2026-01-14 19:47:00,2026-01-14 19:49:00,2.0
,2026-01-14,995918,KYC/Reembolso,Lucas,Aberto,,2026-01-14 20:14:00,2026-01-14 20:15:00,1.0
,2026-01-14,995667,KYC/Reembolso,Lucas,Em espera,,2026-01-14 20:35:00,2026-01-14 20:36:00,1.0
,2026-01-14,995411,KYC/Reembolso,Lucas,Em espera,,2026-01-14 20:51:00,2026-01-14 20:52:00,1.0
,2026-01-14,996120,KYC/Reembolso,Lucas,Em espera,,2026-01-14 20:53:00,2026-01-14 20:56:00,3.0
,2026-01-14,996118,KYC/Reembolso,Lucas,Em espera,,2026-01-14 20:57:00,2026-01-14 20:59:00,2.0
,2026-01-14,995997,KYC/Reembolso,Lucas,Em espera,,2026-01-14 21:03:00,2026-01-14 21:06:00,3.0
,2026-01-14,995397,KYC/Reembolso,Lucas,Em espera,,2026-01-14 21:11:00,2026-01-14 21:12:00,1.0
,2026-01-14,995361,Troca de E-mail,Lucas,Aberto,,2026-01-14 21:16:00,2026-01-14 21:18:00,2.0
,2026-01-14,994870,KYC/Reembolso,Lucas,Em espera,,2026-01-14 21:23:00,2026-01-14 21:25:00,2.0
,2026-01-14,994777,KYC/Reembolso,Lucas,Em espera,,2026-01-14 21:28:00,2026-01-14 21:32:00,4.0
,2026-01-14,994681,KYC/Reembolso,Lucas,Em espera,,2026-01-14 21:49:00,2026-01-14 21:51:00,2.0
,2026-01-14,993894,KYC/Reembolso,Lucas,Em espera,,2026-01-14 21:59:00,2026-01-14 22:00:00,1.0
,2026-01-14,993842,Troca de E-mail,Lucas,Aberto,,2026-01-14 22:06:00,2026-01-14 22:07:00,1.0
,2026-01-14,996363,Troca de E-mail,Lucas,Em espera,,2026-01-14 22:27:00,2026-01-14 22:31:00,4.0
,2026-01-14,995810,Bloqueio/Fraude/Kyc,Lucas,Aberto,,2026-01-14 22:34:00,2026-01-14 22:35:00,1.0
,2026-01-14,995567,Campanhas/CRM,Lucas,Aberto,,2026-01-14 22:40:00,2026-01-14 22:47:00,7.0
,2026-01-14,994348,KYC/Reembolso,Lucas,Em espera,,2026-01-14 22:51:00,2026-01-14 22:56:00,5.0
,2026-01-14,996364,Giros,Lucas,Aberto,,2026-01-14 23:20:00,2026-01-14 23:32:00,12.0
,2026-01-14,996618,KYC/Reembolso,Lucas,Aberto,,2026-01-14 23:33:00,2026-01-14 23:40:00,7.0
,2026-01-14,996747,KYC/Reembolso,Lucas,Aberto,,2026-01-14 23:56:00,2026-01-15 00:01:00,5.0
,2026-01-14,995583,Cashback,Lucas,Aberto,,2026-01-14 01:28:00,2026-01-14 02:06:00,38.0
,2026-01-14,996761,Cashback,Lucas,Aberto,,2026-01-14 02:17:00,2026-01-14 02:18:00,1.0
,2026-01-14,995042,Giros,Lucas,Aberto,,2026-01-14 02:27:00,2026-01-14 02:29:00,2.0
,2026-01-14,994840,Bloqueio/Fraude,Lucas,Aberto,,2026-01-14 02:31:00,2026-01-14 02:33:00,2.0
,2026-01-14,994817,KYC/Reembolso,Lucas,Em espera,,2026-01-14 03:06:00,2026-01-14 03:08:00,2.0
,2026-01-15,994444,Cashback,Lucas,Aberto,,2026-01-15 03:15:00,2026-01-15 03:19:00,4.0
,2026-01-15,997366,KYC/Reembolso,Lucas,Aberto,,2026-01-15 03:21:00,2026-01-15 03:24:00,3.0
,2026-01-15,994383,Bloqueio/Fraude,Lucas,Aberto,,2026-01-15 03:27:00,2026-01-15 03:32:00,5.0
,2026-01-15,994349,Cashback,Lucas,Aberto,,2026-01-15 03:43:00,2026-01-15 03:45:00,2.0
,2026-01-15,997323,KYC/Reembolso,Lucas,Aberto,,2026-01-15 03:55:00,2026-01-15 03:56:00,1.0
,2026-01-15,995410,Cashback,Lucas,Em espera,,2026-01-15 04:08:00,2026-01-15 04:09:00,1.0
,2026-01-15,990742,Cashback,Lucas,Em espera,,2026-01-15 04:25:00,2026-01-15 04:28:00,3.0
,2026-01-15,994046,Cashback,Lucas,Em espera,,2026-01-15 04:43:00,2026-01-15 04:44:00,1.0
,2026-01-15,994048,Cashback,Lucas,Em espera,,2026-01-15 04:48:00,2026-01-15 04:50:00,2.0
,2026-01-15,995286,Cashback,Lucas,Em espera,,2026-01-15 04:59:00,2026-01-15 05:00:00,1.0
,2026-01-15,995077,Cashback,Lucas,Em espera,,2026-01-15 05:05:00,2026-01-15 05:06:00,1.0
,2026-01-15,994896,Erro Plataforma,Lucas,Em espera,,2026-01-15 05:12:00,2026-01-15 06:27:00,75.0
,2026-01-15,994000,Cashback,Lucas,Em espera,,2026-01-15 05:29:00,2026-01-15 05:30:00,1.0
,2026-01-15,995211,"Financeiro (Depósito, saque e Devolução)",Lucas,Aberto,,2026-01-15 05:49:00,2026-01-15 05:52:00,3.0
,2026-01-15,852569,Cashback,Bárbara,Em espera,,2026-01-15 01:14:00,2026-01-15 01:15:00,1.0
,2026-01-15,983905,Cashback,Bárbara,Aberto,,2026-01-15 03:34:00,2026-01-15 03:38:00,4.0
,2026-01-15,984574,Cashback,Bárbara,Aberto,,2026-01-15 03:57:00,2026-01-15 04:00:00,3.0
,2026-01-15,996879,Giros,Bárbara,Aberto,,2026-01-15 03:57:00,2026-01-15 04:00:00,3.0
,2026-01-15,989576,Cashback,Bárbara,Aberto,,2026-01-15 04:16:00,2026-01-15 04:17:00,1.0
,2026-01-15,990514,Cashback,Bárbara,Aberto,,,,
,2026-01-15,995492,Cashback,Bárbara,Aberto,,2026-01-15 04:59:00,,
,2026-01-15,997466,Troca de E-mail,Bárbara,Aberto,,2026-01-15 05:03:00,2026-01-15 05:13:00,10.0
,2026-01-15,994227,Cashback,Bárbara,Aberto,,2026-01-15 05:18:00,2026-01-15 05:19:00,1.0
,2026-01-15,990765,Cashback,Bárbara,Aberto,,2026-01-15 05:43:00,2026-01-15 05:48:00,5.0
,2026-01-15,989480,Cashback,Bárbara,Aberto,,2026-01-15 06:14:00,2026-01-15 06:19:00,5.0
,2026-01-15,989494,Indique e ganhe,Bárbara,Aberto,,2026-01-15 06:27:00,2026-01-15 06:28:00,1.0
,2026-01-15,989822,Auto Exclusão,Bárbara,Aberto,,2026-01-15 06:48:00,2026-01-15 06:49:00,1.0
,2026-01-16,1005377,Indique e ganhe,Bárbara,Aberto,,2026-01-16 19:34:00,2026-01-16 19:41:00,7.0
,2026-01-16,1005605,Cashback,Bárbara,Aberto,,2026-01-16 20:40:00,2026-01-16 20:42:00,2.0
,2026-01-16,29176843,Cashback,Bárbara,Aberto,,2026-01-16 20:45:00,2026-01-16 20:55:00,10.0
,2026-01-16,29446700,Cashback,Bárbara,Aberto,,2026-01-16 21:14:00,2026-01-16 21:15:00,1.0
,2026-01-16,1005792,Cashback,Bárbara,Aberto,,2026-01-16 21:30:00,2026-01-16 21:31:00,1.0
,2026-01-16,1005872,Cashback,Bárbara,Aberto,,2026-01-16 21:45:00,2026-01-16 21:46:00,1.0
,2026-01-16,1005942,Cashback,Bárbara,Aberto,,2026-01-16 22:00:00,2026-01-16 22:32:00,32.0
,2026-01-16,1006134,Troca de E-mail,Bárbara,Aberto,,2026-01-16 22:34:00,2026-01-16 22:35:00,1.0
,2026-01-16,1006135,Troca de E-mail,Bárbara,Aberto,,2026-01-16 22:39:00,2026-01-16 22:41:00,2.0
,2026-01-16,1006320,KYC/Reembolso,Bárbara,Aberto,,2026-01-16 22:55:00,2026-01-16 22:57:00,2.0
,2026-01-16,1006632,Campanhas/CRM,Bárbara,Aberto,,2026-01-16 22:53:00,2026-01-16 23:02:00,9.0
,2026-01-17,1006989,KYC/Reembolso,Bárbara,Aberto,,2026-01-17 00:44:00,2026-01-17 00:48:00,4.0
,2026-01-17,1006668,KYC/Reembolso,Bárbara,Aberto,,2026-01-17 01:12:00,2026-01-17 01:13:00,1.0
,2026-01-17,1006267,Troca de E-mail,Bárbara,Aberto,,2026-01-17 01:15:00,2026-01-17 01:19:00,4.0
,2026-01-17,1007907,KYC/Reembolso,Lucas,Aberto,,2026-01-17 01:36:00,2026-01-17 01:38:00,2.0
,2026-01-17,1007787,KYC/Reembolso,Lucas,Aberto,,2026-01-17 01:39:00,2026-01-17 01:40:00,1.0
,2026-01-17,1007448,KYC/Reembolso,Lucas,Aberto,,2026-01-17 01:45:00,2026-01-17 01:47:00,2.0
,2026-01-17,1007184,KYC/Reembolso,Lucas,Aberto,,2026-01-17 01:52:00,2026-01-17 01:54:00,2.0
,2026-01-17,1007099,KYC/Reembolso,Lucas,Em espera,,2026-01-17 01:55:00,2026-01-17 01:56:00,1.0
,2026-01-17,1006903,KYC/Reembolso,Lucas,Em espera,,2026-01-17 01:57:00,2026-01-17 01:59:00,2.0
,2026-01-17,1006887,"Financeiro (Depósito, saque e Devolução)",Lucas,Aberto,,2026-01-17 01:59:00,2026-01-17 02:01:00,2.0
,2026-01-17,1006727,"Financeiro (Depósito, saque e Devolução)",Lucas,Aberto,,2026-01-17 02:03:00,2026-01-17 02:07:00,4.0
,2026-01-17,1006593,Bloqueio/Fraude,Lucas,Aberto,,2026-01-17 02:11:00,2026-01-17 02:13:00,2.0
,2026-01-17,1008052,Cashback,Lucas,Em espera,,2026-01-17 02:22:00,2026-01-17 02:25:00,3.0
,2026-01-17,1007312,Cashback,Lucas,Em espera,,2026-01-17 02:49:00,2026-01-17 02:51:00,2.0
,2026-01-17,1007153,KYC/Reembolso,Lucas,Aberto,,2026-01-17 02:58:00,2026-01-17 02:59:00,1.0
,2026-01-17,1007059,KYC/Reembolso,Lucas,Em espera,,2026-01-17 03:01:00,2026-01-17 03:02:00,1.0
,2026-01-17,1006458,KYC/Reembolso,Lucas,Aberto,,2026-01-17 03:04:00,2026-01-17 03:06:00,2.0
,2026-01-17,1006264,KYC/Reembolso,Lucas,Aberto,,2026-01-17 03:16:00,,
,2026-01-17,1008275,Giros,Lucas,Aberto,,2026-01-17 03:41:00,2026-01-17 03:54:00,13.0
,2026-01-17,1008311,Cashback,Lucas,Em espera,,2026-01-17 03:55:00,2026-01-17 04:05:00,10.0
,2026-01-17,1008366,Cashback,Lucas,Em espera,,2026-01-17 04:08:00,2026-01-17 04:13:00,5.0
,2026-01-17,1007976,Cashback,Lucas,,,2026-01-17 04:17:00,,
,2026-01-17,1007717,Bloqueio/Fraude,Lucas,Aberto,,2026-01-17 04:24:00,2026-01-17 04:25:00,1.0
,2026-01-17,1007489,Campanhas/CRM,Lucas,Aberto,,2026-01-17 04:34:00,2026-01-17 04:36:00,2.0
,2026-01-17,1005910,Campanhas/CRM,Lucas,Aberto,,2026-01-17 04:49:00,2026-01-17 04:51:00,2.0
,2026-01-17,1005905,Giros,Lucas,Aberto,,2026-01-17 04:52:00,2026-01-17 04:56:00,4.0
,2026-01-17,1005871,Indique e ganhe,Lucas,Em espera,,2026-01-17 04:58:00,2026-01-17 05:12:00,14.0
,2026-01-17,1008472,Campanhas/CRM,Lucas,Aberto,,2026-01-17 05:22:00,2026-01-17 05:24:00,2.0
,2026-01-17,1008543,"Financeiro (Depósito, saque e Devolução)",Lucas,Aberto,,2026-01-17 06:31:00,2026-01-17 06:33:00,2.0
,2026-01-17,1008537,Indique e ganhe,Lucas,Aberto,,2026-01-17 06:48:00,2026-01-17 06:51:00,3.0
,2026-01-17,1008528,KYC/Reembolso,Lucas,Aberto,,2026-01-17 06:51:00,2026-01-17 06:54:00,3.0
,2026-01-18,1014873,KYC/Reembolso,Lucas,Aberto,,2026-01-18 20:10:00,2026-01-18 20:14:00,4.0
,2026-01-18,1014682,"Financeiro (Depósito, saque e Devolução)",Lucas,Aberto,,2026-01-18 20:26:00,2026-01-18 20:32:00,6.0
,2026-01-18,1014693,Erro Plataforma,Lucas,Aberto,,2026-01-18 20:34:00,2026-01-18 20:46:00,12.0
,2026-01-18,1014900,Reembolso,Lucas,Aberto,,2026-01-18 20:47:00,2026-01-18 21:12:00,25.0
,2026-01-18,1015035,Cashback,Lucas,Em espera,,2026-01-18 21:13:00,2026-01-18 21:21:00,8.0
,2026-01-18,1015134,KYC/Reembolso,Lucas,Aberto,,2026-01-18 21:30:00,2026-01-18 21:31:00,1.0
,2026-01-18,1014988,Cashback,Lucas,Em espera,,2026-01-18 21:32:00,2026-01-18 21:36:00,4.0
,2026-01-18,1015141,Cashback,Lucas,Em espera,,2026-01-18 21:37:00,2026-01-18 21:41:00,4.0
,2026-01-18,1015277,Cassino,Lucas,Em espera,,2026-01-18 22:24:00,2026-01-18 22:49:00,25.0
,2026-01-18,1015463,Cashback,Lucas,Em espera,,2026-01-18 22:32:00,2026-01-18 22:38:00,6.0
,2026-01-19,1015618,Troca de E-mail,Bárbara,Aberto,,2026-01-19 01:03:00,2026-01-19 01:06:00,3.0
,2026-01-19,1016150,Troca de E-mail,Bárbara,Aberto,,2026-01-19 01:36:00,2026-01-19 02:46:00,70.0
,2026-01-19,1015397,Giros,Bárbara,Aberto,,2026-01-19 01:52:00,2026-01-19 03:30:00,98.0
,2026-01-19,1016086,Erro Plataforma,Bárbara,Aberto,,2026-01-19 02:47:00,2026-01-19 02:50:00,3.0
,2026-01-19,1016504,KYC/Reembolso,Bárbara,Aberto,,2026-01-19 03:34:00,2026-01-19 03:39:00,5.0
,2026-01-19,1016490,Erro Plataforma,Bárbara,Aberto,,2026-01-19 04:11:00,2026-01-19 04:12:00,1.0
,2026-01-19,1016594,"Financeiro (Depósito, saque e Devolução)",Bárbara,Aberto,,2026-01-19 06:24:00,2026-01-19 06:27:00,3.0
,2026-01-19,1016657,Cashback,Bárbara,Aberto,,2026-01-19 06:45:00,2026-01-19 06:48:00,3.0
,2026-01-20,1022609,Cashback,Bárbara,Em espera,,2026-01-20 19:16:00,2026-01-20 19:28:00,12.0
,2026-01-20,1022589,Cashback,Bárbara,Em espera,,2026-01-20 19:35:00,2026-01-20 19:36:00,1.0
,2026-01-20,1022568,Cashback,Bárbara,Em espera,,2026-01-20 19:44:00,2026-01-20 19:45:00,1.0
,2026-01-20,1022564,KYC/Reembolso,Bárbara,Aberto,,2026-01-20 19:47:00,2026-01-20 19:58:00,11.0
,2026-01-20,1022613,Cashback,Bárbara,Em espera,,2026-01-20 20:03:00,2026-01-20 20:04:00,1.0
,2026-01-20,1022621,Cashback,Bárbara,Em espera,,2026-01-20 20:07:00,2026-01-20 20:08:00,1.0
,2026-01-20,1022630,Cashback,Bárbara,Em espera,,2026-01-20 20:10:00,2026-01-20 20:11:00,1.0
,2026-01-20,1022636,Cashback,Bárbara,Em espera,,2026-01-20 20:14:00,2026-01-20 20:15:00,1.0
,2026-01-20,1022507,Cashback,Bárbara,Em espera,,2026-01-20 20:18:00,2026-01-20 20:19:00,1.0
,2026-01-20,1022547,Cashback,Bárbara,Em espera,,2026-01-20 20:23:00,2026-01-20 20:24:00,1.0
,2026-01-20,1022553,Cashback,Bárbara,Em espera,,2026-01-20 20:28:00,2026-01-20 20:29:00,1.0
,2026-01-20,1022658,Cashback,Bárbara,Em espera,,2026-01-20 20:31:00,2026-01-20 20:32:00,1.0
,2026-01-20,1022450,Cashback,Bárbara,Em espera,,2026-01-20 20:39:00,2026-01-20 20:40:00,1.0
,2026-01-20,1022465,Cashback,Bárbara,Em espera,,2026-01-20 20:55:00,2026-01-20 20:56:00,1.0
,2026-01-20,1022500,Cashback,Bárbara,Em espera,,2026-01-20 20:58:00,2026-01-20 20:59:00,1.0
,2026-01-20,1022675,Cashback,Bárbara,Em espera,,2026-01-20 21:20:00,2026-01-20 21:22:00,2.0
,2026-01-20,1022398,Cashback,Bárbara,Em espera,,2026-01-20 21:30:00,2026-01-20 21:31:00,1.0
,2026-01-20,1022384,Cashback,Bárbara,Em espera,,2026-01-20 21:35:00,2026-01-20 21:36:00,1.0
,2026-01-20,1022429,Cashback,Bárbara,Em espera,,2026-01-20 21:38:00,2026-01-20 21:39:00,1.0
,2026-01-20,1022741,Cashback,Bárbara,Em espera,,2026-01-20 21:43:00,2026-01-20 21:44:00,1.0
,2026-01-20,1022764,Cashback,Bárbara,Em espera,,2026-01-20 21:47:00,2026-01-20 21:48:00,1.0
,2026-01-20,1021860,Cashback,Bárbara,Em espera,,2026-01-20 21:50:00,2026-01-20 21:51:00,1.0
,2026-01-20,1021901,Cashback,Bárbara,Em espera,,2026-01-20 21:54:00,2026-01-20 21:55:00,1.0
,2026-01-20,1021935,Cashback,Bárbara,Em espera,,2026-01-20 21:57:00,2026-01-20 21:58:00,1.0
,2026-01-20,1021948,Cashback,Bárbara,Em espera,,2026-01-20 22:00:00,2026-01-20 22:01:00,1.0
,2026-01-20,1021961,Cashback,Bárbara,Em espera,,2026-01-20 22:04:00,2026-01-20 22:05:00,1.0
,2026-01-20,1021969,Cashback,Bárbara,Em espera,,2026-01-20 22:15:00,2026-01-20 22:16:00,1.0
,2026-01-20,1021984,Cashback,Bárbara,Em espera,,2026-01-20 22:17:00,2026-01-20 22:18:00,1.0
,2026-01-20,1021993,Cashback,Bárbara,Em espera,,2026-01-20 22:21:00,2026-01-20 22:22:00,1.0
,2026-01-20,1022002,Cashback,Bárbara,Em espera,,2026-01-20 22:32:00,2026-01-20 22:33:00,1.0
,2026-01-20,1022366,Cashback,Bárbara,Em espera,,2026-01-20 22:35:00,2026-01-20 22:36:00,1.0
,2026-01-20,1022368,Cashback,Bárbara,Em espera,,2026-01-20 22:40:00,2026-01-20 22:41:00,1.0
,2026-01-20,1022755,Cashback,Bárbara,Em espera,,2026-01-20 22:43:00,2026-01-20 22:44:00,1.0
,2026-01-20,1022789,Cashback,Bárbara,Em espera,,2026-01-20 22:45:00,2026-01-20 22:46:00,1.0
,2026-01-20,1022806,Cashback,Bárbara,Em espera,,2026-01-20 22:59:00,2026-01-21 22:50:00,-9.0
,2026-01-20,1022898,Cashback,Bárbara,Em espera,,2026-01-20 22:54:00,2026-01-20 22:55:00,1.0
,2026-01-20,1022923,Cashback,Bárbara,Em espera,,2026-01-20 22:57:00,2026-01-20 22:58:00,1.0
,2026-01-20,1022165,Cashback,Bárbara,Em espera,,2026-01-20 23:03:00,2026-01-20 23:04:00,1.0
,2026-01-20,1022202,Cashback,Bárbara,Em espera,,2026-01-20 23:06:00,2026-01-20 23:07:00,1.0
,2026-01-20,1022230,Cashback,Bárbara,Em espera,,2026-01-20 23:08:00,2026-01-20 23:09:00,1.0
,2026-01-21,1022251,Cashback,Bárbara,Em espera,,2026-01-21 00:23:00,2026-01-21 00:24:00,1.0
,2026-01-21,1022276,Cashback,Bárbara,Em espera,,2026-01-21 00:31:00,2026-01-21 00:32:00,1.0
,2026-01-21,1022302,Cashback,Bárbara,Em espera,,2026-01-21 00:34:00,2026-01-21 00:35:00,1.0
,2026-01-21,1022098,Cashback,Bárbara,Em espera,,2026-01-21 00:41:00,2026-01-21 00:42:00,1.0
,2026-01-21,1022134,Cashback,Bárbara,Em espera,,2026-01-21 00:47:00,2026-01-21 00:48:00,1.0
,2026-01-21,1022309,Cashback,Bárbara,Em espera,,2026-01-21 00:49:00,2026-01-21 00:50:00,1.0
,2026-01-21,1022327,Cashback,Bárbara,Em espera,,2026-01-21 00:57:00,2026-01-21 00:58:00,1.0
,2026-01-21,1022840,KYC/Reembolso,Bárbara,Aberto,,2026-01-21 01:01:00,2026-01-21 01:18:00,17.0
,2026-01-21,1024308,KYC/Reembolso,Lucas,Aberto,,2026-01-21 01:17:00,2026-01-21 01:20:00,3.0
,2026-01-21,1024190,Bloqueio/Fraude,Lucas,Aberto,,2026-01-21 01:25:00,2026-01-21 01:27:00,2.0
,2026-01-21,1024158,"Financeiro (Depósito, saque e Devolução)",Lucas,Aberto,,2026-01-21 01:31:00,2026-01-21 01:32:00,1.0
,2026-01-21,1024065,Cashback,Lucas,Em espera,,2026-01-21 01:34:00,2026-01-21 01:37:00,3.0
,2026-01-21,1023693,"Financeiro (Depósito, saque e Devolução)",Lucas,Aberto,,2026-01-21 01:53:00,2026-01-21 01:54:00,1.0
,2026-01-21,1023624,"Financeiro (Depósito, saque e Devolução)",Lucas,Aberto,,2026-01-21 01:55:00,2026-01-21 01:56:00,1.0
,2026-01-21,1024588,KYC/Reembolso,Lucas,Aberto,,2026-01-21 01:57:00,2026-01-21 01:59:00,2.0
,2026-01-21,1023382,KYC/Reembolso,Lucas,Aberto,,2026-01-21 02:01:00,2026-01-21 02:03:00,2.0
,2026-01-21,1023281,Troca de E-mail,Lucas,Aberto,,2026-01-21 02:09:00,2026-01-21 02:12:00,3.0
,2026-01-21,1023009,KYC/Reembolso,Lucas,Aberto,,2026-01-21 02:13:00,2026-01-21 02:16:00,3.0
,2026-01-21,1022984,Cashback,Lucas,Em espera,,2026-01-21 02:23:00,2026-01-21 02:25:00,2.0
,2026-01-21,1022961,KYC/Reembolso,Lucas,Em espera,,2026-01-21 02:26:00,2026-01-21 02:27:00,1.0
,2026-01-21,1022954,Cashback,Lucas,Em espera,,2026-01-21 02:30:00,2026-01-21 02:31:00,1.0
,2026-01-21,1022945,Erro KYC,Lucas,Em espera,,2026-01-21 02:33:00,2026-01-21 02:34:00,1.0
,2026-01-21,1022051,Cashback,Lucas,Em espera,,2026-01-21 02:41:00,2026-01-21 02:43:00,2.0
,2026-01-21,1022069,Cashback,Lucas,Em espera,,2026-01-21 02:45:00,2026-01-21 02:50:00,5.0
,2026-01-21,1022805,KYC/Reembolso,Lucas,Aberto,,2026-01-21 02:58:00,2026-01-21 03:01:00,3.0
,2026-01-21,1022918,Bloqueio/Fraude,Lucas,Aberto,,2026-01-21 03:05:00,2026-01-21 03:07:00,2.0
,2026-01-21,1024838,KYC/Reembolso,Lucas,Aberto,,2026-01-21 03:08:00,2026-01-21 03:10:00,2.0
,2026-01-21,1024848,Erro KYC,Lucas,Aberto,,2026-01-21 03:24:00,2026-01-21 03:26:00,2.0
,2026-01-21,1024278,Erro KYC,Lucas,Aberto,,2026-01-21 03:39:00,2026-01-21 03:39:00,0.0
,2026-01-21,1024224,Erro Plataforma,Lucas,Aberto,,2026-01-21 03:46:00,2026-01-21 03:50:00,4.0
,2026-01-21,1023823,Erro Plataforma,Lucas,Aberto,,2026-01-21 04:26:00,2026-01-21 04:28:00,2.0
,2026-01-21,1023700,Erro KYC,Lucas,Aberto,,2026-01-21 04:35:00,2026-01-21 04:36:00,1.0
,2026-01-21,1021914,Cashback,Lucas,Em espera,,2026-01-21 04:46:00,2026-01-21 04:48:00,2.0
,2026-01-21,1022041,Cashback,Lucas,Em espera,,2026-01-21 04:56:00,2026-01-21 05:02:00,6.0
,2026-01-21,1022769,"Financeiro (Depósito, saque e Devolução)",Lucas,Aberto,,2026-01-21 05:11:00,2026-01-21 05:41:00,30.0
,2026-01-21,1024940,Missão,Lucas,Aberto,,2026-01-21 05:45:00,2026-01-21 05:51:00,6.0
,2026-01-21,1024449,Missão,Lucas,Aberto,,2026-01-21 05:54:00,2026-01-21 05:55:00,1.0
,2026-01-21,1023719,Campanhas/CRM,Lucas,Aberto,,2026-01-21 05:56:00,2026-01-21 06:01:00,5.0
,2026-01-21,1025010,Erro KYC,Lucas,Aberto,,2026-01-21 06:02:00,2026-01-21 06:06:00,4.0
,2026-01-21,1024973,Missão,Lucas,Aberto,,2026-01-21 06:07:00,2026-01-21 06:08:00,1.0
,2026-01-21,1023519,Reembolso,Lucas,Aberto,,2026-01-21 06:11:00,2026-01-21 06:14:00,3.0
,2026-01-21,1025009,Campanhas/CRM,Lucas,Aberto,,2026-01-21 06:16:00,2026-01-21 06:19:00,3.0
,2026-01-21,1023314,Cashback,Lucas,Em espera,,2026-01-21 06:21:00,2026-01-21 06:26:00,5.0
,2026-01-21,1023181,"Financeiro (Depósito, saque e Devolução)",Lucas,Em espera,,2026-01-21 06:27:00,2026-01-21 06:30:00,3.0
,2026-01-21,1022976,Indique e ganhe,Lucas,Aberto,,2026-01-21 06:32:00,2026-01-21 06:36:00,4.0
,2026-01-21,1025070,KYC/Reembolso,Lucas,Aberto,,2026-01-21 06:37:00,2026-01-21 06:41:00,4.0
,2026-01-21,1022008,Cashback,Lucas,Em espera,,2026-01-21 06:47:00,2026-01-21 06:48:00,1.0
,2026-01-22,1031264,Cashback,Lucas,Em espera,,2026-01-22 21:24:00,2026-01-22 21:27:00,3.0
,2026-01-22,1031231,Cashback,Lucas,Em espera,,2026-01-22 21:28:00,2026-01-22 21:30:00,2.0
,2026-01-22,1031209,Cashback,Lucas,Em espera,,2026-01-22 21:32:00,2026-01-22 21:34:00,2.0
,2026-01-22,1031192,Cashback,Lucas,Em espera,,2026-01-22 21:34:00,2026-01-22 21:36:00,2.0
,2026-01-22,1031174,Cashback,Lucas,Em espera,,2026-01-22 21:36:00,2026-01-22 21:41:00,5.0
,2026-01-22,1031097,Cashback,Lucas,Em espera,,2026-01-22 21:42:00,2026-01-22 21:44:00,2.0
,2026-01-22,1031895,Bloqueio/Fraude/Kyc,Lucas,Aberto,,2026-01-22 21:48:00,2026-01-22 21:50:00,2.0
,2026-01-22,1031964,KYC/Reembolso,Lucas,Aberto,,2026-01-22 21:54:00,2026-01-22 21:57:00,3.0
,2026-01-22,1031073,Cashback,Lucas,Em espera,,2026-01-22 22:07:00,2026-01-22 22:09:00,2.0
,2026-01-22,1030926,Cashback,Lucas,Em espera,,2026-01-22 22:14:00,2026-01-22 22:16:00,2.0
,2026-01-22,1032081,KYC/Reembolso,Lucas,Aberto,,2026-01-22 23:05:00,2026-01-22 23:12:00,7.0
,2026-01-22,1030881,Cashback,Lucas,Em espera,,2026-01-22 23:18:00,2026-01-22 23:20:00,2.0
,2026-01-22,1030806,KYC/Reembolso,Lucas,Aberto,,2026-01-22 23:22:00,2026-01-22 23:29:00,7.0
,2026-01-22,1030779,KYC/Reembolso,Lucas,Aberto,,2026-01-22 23:32:00,2026-01-22 23:37:00,5.0
,2026-01-22,1030765,Cashback,Lucas,Em espera,,2026-01-22 23:39:00,2026-01-22 23:41:00,2.0
,2026-01-22,1030690,Cashback,Lucas,Em espera,,2026-01-22 23:44:00,2026-01-22 23:46:00,2.0
,2026-01-23,1030687,Troca de E-mail,Lucas,Aberto,,2026-01-23 01:25:00,2026-01-23 01:31:00,6.0
,2026-01-23,1030672,Cashback,Lucas,Em espera,,2026-01-23 01:33:00,2026-01-23 01:35:00,2.0
,2026-01-23,1032728,KYC/Reembolso,Lucas,Aberto,,2026-01-23 01:37:00,2026-01-23 01:40:00,3.0
,2026-01-23,1032496,KYC/Reembolso,Lucas,Aberto,,2026-01-23 01:42:00,2026-01-23 01:45:00,3.0
,2026-01-23,1032276,KYC/Reembolso,Lucas,Aberto,,2026-01-23 01:48:00,2026-01-23 01:52:00,4.0
,2026-01-23,1030566,Cashback,Lucas,Em espera,,2026-01-23 01:59:00,2026-01-23 02:04:00,5.0
,2026-01-23,1030559,Cashback,Lucas,Em espera,,2026-01-23 02:05:00,2026-01-23 02:07:00,2.0
,2026-01-23,1030552,Cashback,Lucas,Em espera,,2026-01-23 02:09:00,2026-01-23 02:12:00,3.0
,2026-01-23,1030541,Cashback,Lucas,Em espera,,2026-01-23 02:14:00,2026-01-23 02:17:00,3.0
,2026-01-23,1032994,KYC/Reembolso,Lucas,Aberto,,2026-01-23 03:00:00,2026-01-23 03:08:00,8.0
,2026-01-23,1031990,Erro KYC,Lucas,Em espera,,2026-01-23 03:17:00,2026-01-23 03:19:00,2.0
,2026-01-23,1031749,KYC/Reembolso,Lucas,Aberto,,2026-01-23 03:23:00,2026-01-23 03:43:00,20.0
,2026-01-23,1033067,KYC/Reembolso,Lucas,Aberto,,2026-01-23 03:45:00,2026-01-23 03:48:00,3.0
,2026-01-23,1032861,Cashback,Lucas,Em espera,,2026-01-23 04:03:00,2026-01-23 04:05:00,2.0
,2026-01-23,1032140,Missão,Lucas,Aberto,,2026-01-23 04:10:00,2026-01-23 04:22:00,12.0
,2026-01-23,1033121,KYC/Reembolso,Lucas,Aberto,,2026-01-23 04:24:00,2026-01-23 04:27:00,3.0
,2026-01-23,1032008,Cashback,Lucas,Aberto,,2026-01-23 04:35:00,2026-01-23 04:44:00,9.0
,2026-01-23,1033185,Campanhas/CRM,Lucas,Aberto,,2026-01-23 06:12:00,2026-01-23 06:14:00,2.0
,2026-01-23,1033193,KYC/Reembolso,Lucas,Aberto,,2026-01-23 06:15:00,,
,,1033211,,,,,,,
,2026-01-23,1029955,Cashback,Bárbara,Em espera,,2026-01-23 01:09:00,2026-01-23 01:10:00,1.0
,2026-01-23,1029994,Cashback,Bárbara,Em espera,,2026-01-23 01:13:00,2026-01-23 01:14:00,1.0
,2026-01-23,1030113,Cashback,Bárbara,Em espera,,2026-01-23 01:17:00,2026-01-23 01:18:00,1.0
,2026-01-23,1030143,Cashback,Bárbara,Em espera,,2026-01-23 01:21:00,2026-01-23 01:22:00,1.0
,2026-01-23,1030248,Cashback,Bárbara,Em espera,,2026-01-23 01:24:00,2026-01-23 01:25:00,1.0
,2026-01-23,1030384,Cashback,Bárbara,Em espera,,2026-01-23 01:36:00,2026-01-23 01:38:00,2.0
,2026-01-23,1030397,Cashback,Bárbara,Em espera,,2026-01-23 01:39:00,2026-01-23 01:40:00,1.0
,2026-01-23,1030415,Indique e ganhe,Bárbara,Aberto,,2026-01-23 01:44:00,2026-01-23 02:07:00,23.0
,2026-01-23,1030442,Cashback,Bárbara,Em espera,,2026-01-23 02:10:00,2026-01-23 02:11:00,1.0
,2026-01-23,1030448,Cashback,Bárbara,Em espera,,2026-01-23 02:13:00,2026-01-23 02:14:00,1.0
,2026-01-23,1030469,Cashback,Bárbara,Em espera,,2026-01-23 02:16:00,2026-01-23 02:17:00,1.0
,2026-01-23,1030471,Cashback,Bárbara,Em espera,,2026-01-23 02:18:00,2026-01-23 02:19:00,1.0
,2026-01-23,1030485,Cashback,Bárbara,Em espera,,2026-01-23 02:23:00,2026-01-23 02:24:00,1.0
,2026-01-23,1030492,Cashback,Bárbara,Em espera,,2026-01-23 02:25:00,2026-01-23 02:26:00,1.0
,2026-01-23,1030493,KYC/Reembolso,Bárbara,Aberto,,2026-01-23 02:26:00,2026-01-23 02:30:00,4.0
,2026-01-23,1030578,Cashback,Bárbara,Em espera,,2026-01-23 02:37:00,2026-01-23 02:38:00,1.0
,2026-01-23,1030634,Cashback,Bárbara,Em espera,,,2026-01-23 02:41:00,
,2026-01-23,1030917,Cashback,Bárbara,Aberto,,2026-01-23 03:14:00,2026-01-23 03:16:00,2.0
,2026-01-23,1030802,Cashback,Bárbara,Em espera,,2026-01-23 04:28:00,2026-01-23 04:29:00,1.0
,2026-01-23,1030957,Cashback,Bárbara,Aberto,,2026-01-23 04:38:00,2026-01-23 04:41:00,3.0
,2026-01-23,1031253,Cashback,Bárbara,Aberto,,2026-01-23 05:50:00,2026-01-23 06:05:00,15.0
,2026-01-23,1031218,Cashback,Bárbara,Aberto,,2026-01-23 06:17:00,,
,2026-01-24,1038969,KYC/Reembolso,Bárbara,Aberto,,2026-01-24 19:39:00,2026-01-24 19:42:00,3.0
,2026-01-24,1008129,Cashback,Bárbara,Em espera,,2026-01-24 22:48:00,2026-01-24 22:49:00,1.0
,2026-01-24,1039160,KYC/Reembolso,Bárbara,Aberto,,2026-01-24 22:50:00,2026-01-24 22:53:00,3.0
,2026-01-24,1039173,Aposta esportiva,Lucas,Aberto,,2026-01-24 23:13:00,2026-01-24 23:18:00,5.0
,2026-01-24,1039175,Giros,Lucas,Aberto,,2026-01-24 23:21:00,2026-01-24 23:36:00,15.0
,2026-01-25,1039303,"Financeiro (Depósito, saque e Devolução)",Lucas,Aberto,,2026-01-25 01:14:00,2026-01-25 01:20:00,6.0
,2026-01-25,1039677,Giros,Lucas,Aberto,,2026-01-25 03:16:00,2026-01-25 03:38:00,22.0
,2026-01-25,1040010,"Financeiro (Depósito, saque e Devolução)",Lucas,Aberto,,2026-01-25 03:45:00,2026-01-25 03:46:00,1.0
,2026-01-25,1040144,Cashback,Lucas,Em espera,,2026-01-25 05:39:00,2026-01-25 05:42:00,3.0
,2026-01-25,1040186,Troca de E-mail,Lucas,Aberto,,2026-01-25 05:54:00,,
,2026-01-26,1044775,Troca de E-mail,Lucas,Aberto,,,,
,2026-01-26,1044693,KYC/Reembolso,Lucas,Aberto,,2026-01-26 19:13:00,2026-01-26 19:16:00,3.0
,2026-01-26,1044678,Cashback,Lucas,Em espera,,2026-01-26 19:20:00,2026-01-26 19:23:00,3.0
,2026-01-26,1044661,Cashback,Lucas,Em espera,,2026-01-26 19:24:00,2026-01-26 19:26:00,2.0
,2026-01-26,1044922,KYC/Reembolso,Lucas,Aberto,,2026-01-26 19:37:00,2026-01-26 19:40:00,3.0
,2026-01-26,998956,Cashback,Lucas,Em espera,,2026-01-26 20:17:00,2026-01-26 20:18:00,1.0
,2026-01-26,1017091,Cashback,Lucas,Em espera,,2026-01-26 20:19:00,2026-01-26 20:20:00,1.0
,2026-01-26,1032165,Cashback,Lucas,Aberto,,2026-01-26 20:27:00,2026-01-26 20:28:00,1.0
,2026-01-26,1033694,"Financeiro (Depósito, saque e Devolução)",Lucas,Aberto,,2026-01-26 20:53:00,2026-01-26 20:55:00,2.0
,2026-01-26,1045117,KYC/Reembolso,Lucas,Aberto,,2026-01-26 20:45:00,2026-01-26 20:46:00,1.0
,2026-01-26,1044452,"Financeiro (Depósito, saque e Devolução)",Lucas,Aberto,,2026-01-26 20:57:00,2026-01-26 21:12:00,15.0
,2026-01-26,1044639,Indique e ganhe,Lucas,Em espera,,2026-01-26 21:02:00,2026-01-26 21:04:00,2.0
,2026-01-26,1044799,"Financeiro (Depósito, saque e Devolução)",Lucas,Aberto,,2026-01-26 21:21:00,2026-01-26 21:23:00,2.0
,2026-01-26,1045110,"Financeiro (Depósito, saque e Devolução)",Lucas,Aberto,,2026-01-26 21:24:00,2026-01-26 21:26:00,2.0
,2026-01-26,1045176,"Financeiro (Depósito, saque e Devolução)",Lucas,Aberto,,2026-01-26 21:27:00,2026-01-26 21:30:00,3.0
,2026-01-26,1045232,"Financeiro (Depósito, saque e Devolução)",Lucas,Aberto,,2026-01-26 21:32:00,2026-01-26 21:34:00,2.0
,2026-01-26,1045291,Reembolso,Lucas,Aberto,,2026-01-26 21:38:00,2026-01-26 21:41:00,3.0
,2026-01-26,1044858,Indique e ganhe,Lucas,Aberto,,2026-01-26 21:43:00,2026-01-26 21:51:00,8.0
,2026-01-26,1045217,Giros,Lucas,Aberto,,2026-01-26 22:28:00,2026-01-26 22:31:00,3.0
,2026-01-26,1044653,Indique e ganhe,Lucas,Aberto,,2026-01-26 23:08:00,2026-01-26 23:09:00,1.0
,2026-01-27,1045101,Missão,Bárbara,Aberto,,2026-01-27 00:19:00,2026-01-27 00:24:00,5.0
,2026-01-27,1045514,KYC/Reembolso,Bárbara,Aberto,,2026-01-27 00:31:00,2026-01-27 00:46:00,15.0
,2026-01-27,1045592,Missão,Bárbara,Aberto,,2026-01-27 01:04:00,2026-01-27 01:18:00,14.0
,2026-01-27,1045613,Campanhas/CRM,Bárbara,Aberto,,2026-01-27 01:24:00,2026-01-27 01:27:00,3.0
,2026-01-27,1045669,"Financeiro (Depósito, saque e Devolução)",Bárbara,Aberto,,,,
,2026-01-27,1045712,Missão,Bárbara,Aberto,,,,
,2026-01-27,1045741,KYC/Reembolso,Bárbara,Aberto,,2026-01-27 01:55:00,2026-01-27 01:58:00,3.0
,2026-01-27,1046159,KYC/Reembolso,Bárbara,Aberto,,2026-01-27 02:01:00,2026-01-27 02:04:00,3.0
,2026-01-27,1045547,Erro KYC,Bárbara,Em espera,,2026-01-27 02:19:00,2026-01-27 02:20:00,1.0
,2026-01-27,1046271,Campanhas/CRM,Bárbara,Em espera,,2026-01-27 02:41:00,2026-01-27 02:42:00,1.0
,2026-01-27,1045671,Aposta esportiva,Bárbara,Aberto,,2026-01-27 03:28:00,2026-01-27 03:43:00,15.0
,2026-01-27,1046336,Giros,Bárbara,Aberto,,2026-01-27 04:12:00,2026-01-27 04:14:00,2.0
,2026-01-27,1046436,Campanhas/CRM,Bárbara,Aberto,,2026-01-27 05:44:00,2026-01-27 05:45:00,1.0
,2026-01-27,1046449,Giros,Bárbara,Aberto,,2026-01-27 05:40:00,2026-01-27 05:57:00,17.0
,2026-01-28,1052231,Cashback,Bárbara,Aberto,,2026-01-28 19:23:00,2026-01-28 19:24:00,1.0
,2026-01-28,1052232,Cashback,Bárbara,Aberto,,2026-01-28 19:28:00,2026-01-28 19:29:00,1.0
,2026-01-28,1052233,Cashback,Bárbara,Aberto,,2026-01-28 19:30:00,2026-01-28 19:31:00,1.0
,2026-01-28,1052234,Cashback,Bárbara,Aberto,,2026-01-28 19:33:00,2026-01-28 19:34:00,1.0
,2026-01-28,1052235,Cashback,Bárbara,Aberto,,2026-01-28 19:37:00,2026-01-28 19:38:00,1.0
,2026-01-28,1052238,Cashback,Bárbara,Aberto,,2026-01-28 19:41:00,2026-01-28 19:42:00,1.0
,2026-01-28,1052239,Cashback,Bárbara,Aberto,,2026-01-28 19:44:00,2026-01-28 19:45:00,1.0
,2026-01-28,1052258,"Financeiro (Depósito, saque e Devolução)",Bárbara,Aberto,,2026-01-28 21:49:00,2026-01-28 21:53:00,4.0
,2026-01-28,1052259,"Financeiro (Depósito, saque e Devolução)",Bárbara,Aberto,,2026-01-28 21:55:00,2026-01-28 22:04:00,9.0
,2026-01-28,1052264,"Financeiro (Depósito, saque e Devolução)",Bárbara,Aberto,,2026-01-28 22:05:00,2026-01-28 22:08:00,3.0
,2026-01-28,1052272,"Financeiro (Depósito, saque e Devolução)",Bárbara,Aberto,,2026-01-28 22:11:00,2026-01-28 22:13:00,2.0
,2026-01-28,1052273,"Financeiro (Depósito, saque e Devolução)",Bárbara,Aberto,,2026-01-28 22:14:00,2026-01-28 22:16:00,2.0
,2026-01-28,28852048,"Financeiro (Depósito, saque e Devolução)",Bárbara,Aberto,,2026-01-28 22:16:00,2026-01-28 22:18:00,2.0
,2026-01-28,1052287,"Financeiro (Depósito, saque e Devolução)",Bárbara,Aberto,,2026-01-28 22:18:00,2026-01-28 22:20:00,2.0
,2026-01-28,29596719,"Financeiro (Depósito, saque e Devolução)",Bárbara,Aberto,,2026-01-28 22:22:00,2026-01-28 22:23:00,1.0
,2026-01-28,1051581,"Financeiro (Depósito, saque e Devolução)",Bárbara,Aberto,,2026-01-28 22:25:00,2026-01-28 22:27:00,2.0
,2026-01-28,1051523,"Financeiro (Depósito, saque e Devolução)",Bárbara,Aberto,,2026-01-28 22:03:00,2026-01-28 22:33:00,30.0
,2026-01-29,1052956,PVE,Lucas,Aberto,,2026-01-29 01:16:00,2026-01-29 01:18:00,2.0
,2026-01-29,1052976,Cashback,Lucas,Aberto,,2026-01-29 01:31:00,2026-01-29 01:34:00,3.0
,2026-01-29,1053010,Erro Plataforma,Lucas,Em espera,,2026-01-29 01:44:00,2026-01-29 01:46:00,2.0
,2026-01-29,1052871,Erro Plataforma,Lucas,Em espera,,2026-01-29 01:47:00,2026-01-29 01:48:00,1.0
,2026-01-29,1053268,KYC/Reembolso,Lucas,Em espera,,2026-01-29 02:39:00,2026-01-29 02:41:00,2.0
,2026-01-29,1053452,Cashback,Lucas,Aberto,,2026-01-29 03:05:00,2026-01-29 03:14:00,9.0
,2026-01-29,1053315,"Financeiro (Depósito, saque e Devolução)",Lucas,Aberto,,2026-01-29 03:11:00,2026-01-29 03:20:00,9.0
,2026-01-29,1053471,Missão,Lucas,Aberto,,2026-01-29 05:01:00,2026-01-29 05:04:00,3.0
,2026-01-29,1053653,"Financeiro (Depósito, saque e Devolução)",Lucas,Aberto,,2026-01-29 05:21:00,2026-01-29 05:26:00,5.0
,2026-01-29,1053716,"Financeiro (Depósito, saque e Devolução)",Lucas,Aberto,,2026-01-29 06:37:00,,
,2026-01-29,1053701,Erro Plataforma,Lucas,Aberto,,2026-01-29 06:41:00,2026-01-29 06:44:00,3.0
,2026-01-30,1058416,"Financeiro (Depósito, saque e Devolução)",Lucas,Aberto,,2026-01-30 19:19:00,2026-01-30 19:22:00,3.0
,2026-01-30,1058350,Erro KYC,Lucas,Aberto,,2026-01-30 19:23:00,2026-01-30 19:25:00,2.0
,2026-01-30,1058311,Cashback,Lucas,Aberto,,2026-01-30 19:30:00,2026-01-30 19:32:00,2.0
,2026-01-30,1058246,Cashback,Lucas,Aberto,,2026-01-30 19:34:00,2026-01-30 19:35:00,1.0
,2026-01-30,1058236,Cashback,Lucas,Aberto,,2026-01-30 19:38:00,2026-01-30 19:40:00,2.0
,2026-01-30,1058229,Cashback,Lucas,Aberto,,2026-01-30 19:43:00,2026-01-30 19:44:00,1.0
,2026-01-30,1058228,Cashback,Lucas,Aberto,,2026-01-30 19:52:00,2026-01-30 19:54:00,2.0
,2026-01-30,1058218,Cashback,Lucas,Aberto,,2026-01-30 19:57:00,2026-01-30 20:00:00,3.0
,2026-01-30,1058175,Cashback,Lucas,Aberto,,2026-01-30 20:56:00,2026-01-30 20:58:00,2.0
,2026-01-30,1058566,Erro KYC,Lucas,Aberto,,2026-01-30 21:07:00,2026-01-30 21:08:00,1.0
,2026-01-30,1058527,Troca de E-mail,Lucas,Aberto,,2026-01-30 21:11:00,2026-01-30 21:15:00,4.0
,2026-01-30,1058504,"Financeiro (Depósito, saque e Devolução)",Lucas,Aberto,,2026-01-30 21:16:00,2026-01-30 21:18:00,2.0
,2026-01-30,1057751,Cashback,Lucas,Aberto,,2026-01-30 21:27:00,2026-01-30 21:31:00,4.0
,2026-01-30,1058720,"Financeiro (Depósito, saque e Devolução)",Lucas,Aberto,,2026-01-30 22:14:00,2026-01-30 22:19:00,5.0
,2026-01-30,1058206,Cashback,Lucas,Aberto,,2026-01-30 22:58:00,2026-01-30 22:59:00,1.0
,2026-01-30,1058196,Cashback,Lucas,Aberto,,2026-01-30 23:06:00,2026-01-30 23:06:00,0.0
,2026-01-30,1058147,Cashback,Lucas,Aberto,,2026-01-30 23:16:00,2026-01-30 23:20:00,4.0
,2026-01-30,1058140,"Financeiro (Depósito, saque e Devolução)",Lucas,Aberto,,2026-01-30 23:23:00,2026-01-30 23:24:00,1.0
,2026-01-30,1058103,Cashback,Lucas,Aberto,,2026-01-30 23:29:00,2026-01-30 23:30:00,1.0
,2026-01-30,1058083,Cashback,Lucas,Aberto,,2026-01-30 23:45:00,2026-01-30 23:49:00,4.0
,2026-01-30,1058074,Cashback,Lucas,Aberto,,2026-01-30 00:02:00,2026-01-30 00:05:00,3.0
,2026-01-30,1057997,Cashback,Lucas,Aberto,,2026-01-30 00:06:00,2026-01-30 00:07:00,1.0
,2026-01-31,1059052,"Financeiro (Depósito, saque e Devolução)",Lucas,Aberto,,2026-01-31 01:28:00,2026-01-31 01:32:00,4.0
,2026-01-31,1059245,Troca de E-mail,Lucas,Aberto,,2026-01-31 01:35:00,2026-01-31 01:38:00,3.0
,2026-01-31,1058064,Cashback,Lucas,Aberto,,2026-01-31 02:05:00,2026-01-31 02:06:00,1.0
,2026-01-31,1058005,Cashback,Lucas,Aberto,,2026-01-31 02:12:00,2026-01-31 02:14:00,2.0
,2026-01-31,1059291,KYC/Reembolso,Lucas,Aberto,,2026-01-31 02:16:00,2026-01-31 02:18:00,2.0
,2026-01-31,1058171,Aposta esportiva,Lucas,Aberto,,2026-01-31 05:10:00,2026-01-31 05:13:00,3.0
,2026-01-31,1057917,Cashback,Bárbara,Aberto,,2026-01-31 01:31:00,2026-01-31 01:32:00,1.0
,2026-01-31,1057830,Cashback,Bárbara,Aberto,,2026-01-31 01:36:00,2026-01-31 01:37:00,1.0
,2026-01-31,1057908,Troca de E-mail,Bárbara,Aberto,,2026-01-31 01:37:00,2026-01-31 01:42:00,5.0
,2026-01-31,1057779,Troca de E-mail,Bárbara,Aberto,,2026-01-31 01:45:00,2026-01-31 01:50:00,5.0
,2026-01-31,1057767,Indique e ganhe,Bárbara,Aberto,,2026-01-31 02:03:00,2026-01-31 02:06:00,3.0
,2026-01-31,1057763,Cashback,Bárbara,Aberto,,2026-01-31 02:09:00,2026-01-31 02:10:00,1.0
,2026-01-31,1057653,Cashback,Bárbara,Aberto,,2026-01-31 02:14:00,2026-01-31 02:15:00,1.0
,2026-01-31,1057638,Cashback,Bárbara,Aberto,,2026-01-31 02:17:00,2026-01-31 02:18:00,1.0
,2026-01-31,1057939,Erro Plataforma,Bárbara,Aberto,,2026-01-31 03:24:00,2026-01-31 03:28:00,4.0
,2026-01-31,1040219,"Financeiro (Depósito, saque e Devolução)",Bárbara,Aberto,,2026-01-31 03:39:00,2026-01-31 03:40:00,1.0
,2026-01-31,1058093,Cashback,Bárbara,Aberto,,2026-01-31 04:35:00,2026-01-31 04:39:00,4.0
,2026-01-31,1058106,Cashback,Bárbara,Aberto,,2026-01-31 04:47:00,2026-01-31 04:50:00,3.0
,2026-01-31,1059005,Indique e ganhe,Bárbara,Aberto,,2026-01-31 04:54:00,2026-01-31 05:18:00,24.0
,2026-01-31,1059354,Campanhas/CRM,Bárbara,Aberto,,2026-01-31 05:22:00,2026-01-31 05:26:00,4.0
,2026-01-31,1058257,Cassino,Bárbara,Em espera,,2026-01-31 05:50:00,2026-01-31 06:09:00,19.0
,2026-01-31,1058283,Campanhas/CRM,Bárbara,Aberto,,2026-01-31 06:20:00,2026-01-31 06:22:00,2.0
,2026-01-31,1057988,Cashback,Bárbara,Aberto,,2026-01-31 06:29:00,2026-02-01 02:30:00,1201.0
,2026-01-31,1059486,Indique e ganhe,Bárbara,Aberto,,2026-01-31 06:36:00,2026-01-31 06:40:00,4.0
,2026-01-31,1059523,Troca de E-mail,Bárbara,Aberto,,2026-01-31 06:42:00,2026-01-31 06:51:00,9.0
