ticket_id,data,motivo,responsavel,status,hora_inicio,hora_fim,tempo_de_conclusao_tma,created_at,resolved_at,sla,dias_sla,sla_tempofila,op_abertas,aberto,kyc_reembolso
#1062259,2026-01-02,Aposta esportiva,Lucas,Aberto,20:56,21:09,13.0,2026-02-28 20:45:00,2026-02-28 21:10:00,25.0,,11.0,,Pendente,Campanhas/CRM
#1062473,2026-01-02,Erro KYC,Lucas,Aberto,21:20,21:22,2.0,2026-02-28 20:46:00,2026-02-28 21:22:00,36.0,,34.0,,Resolvido,Missão
#1062597,2026-01-02,"Financeiro (Depósito, saque e Devolução)",Bárbara,Aberto,22:09,22:15,6.0,2026-02-28 21:55:00,2026-02-28 22:15:00,20.0,,14.0,,Em espera,Erro Plataforma
#1062500,2026-01-02,Aposta esportiva,Bárbara,Aberto,22:16,22:18,2.0,2026-02-28 21:34:00,2026-02-28 22:18:00,44.0,,42.0,,,Giros
#1062564,2026-01-02,Erro KYC,Bárbara,Aberto,22:19,22:22,3.0,2026-02-28 22:19:00,2026-02-28 22:22:00,3.0,,0.0,,,MED
#1062447,2026-01-02,Indique e ganhe,Lucas,Aberto,23:11,23:14,3.0,2026-02-28 22:49:00,2026-02-28 23:13:00,24.0,,22.0,,,Indique e ganhe
,,,,,,,,,,,,0.0,,,PVE
#1062693,2026-02-02,Aposta esportiva,Bárbara,Aberto,00:13,00:28,15.0,2026-02-28 23:14:00,2026-02-28 00:28:00,104.0,,101.0,,,Erro KYC
#1062688,2026-02-02,Aposta esportiva,Bárbara,Aberto,01:04,01:05,1.0,2026-02-28 01:04:00,2026-02-28 01:05:00,1.0,,0.0,,,Auto Exclusão
#1062745,2026-02-02,Aposta esportiva,Lucas,Aberto,01:26,01:28,2.0,2026-02-28 00:09:00,2026-02-28 01:28:00,119.0,,117.0,,,Cashback
#1062758,2026-02-02,Aposta esportiva,Lucas,Aberto,01:44,01:46,2.0,2026-02-28 00:27:00,2026-02-28 01:46:00,119.0,,117.0,,,Cassino
#1062972,2026-02-02,Missão,Lucas,Aberto,02:27,02:32,5.0,2026-02-28 02:24:00,2026-02-28 02:32:00,8.0,,3.0,,,"Financeiro (Depósito, saque e Devolução)"
#1063000,2026-02-02,KYC/Reembolso,Lucas,Aberto,02:50,03:20,30.0,2026-02-28 02:37:00,2026-02-28 03:28:00,51.0,,13.0,,,Reembolso
#1062697,2026-02-02,Aposta esportiva,Lucas,Aberto,03:05,05:51,0.0,2026-02-28 23:45:00,2026-02-28 10:57:00,1013.0,112025.0,1113.0,,,Bloqueio/Ludopatia
#1062924,2026-02-02,Cashback,Lucas,Aberto,03:15,03:18,3.0,2026-02-28 02:25:00,2026-02-28 03:18:00,53.0,,50.0,,,Bloqueio/Fraude
#1063039,2026-02-02,KYC/Reembolso,Lucas,Aberto,03:29,03:31,2.0,2026-02-28 03:17:00,2026-02-28 03:31:00,14.0,,12.0,,,Aposta esportiva
#1063042,2026-02-02,Missão,Lucas,Aberto,03:36,03:37,1.0,2026-02-28 03:28:00,2026-02-28 03:37:00,9.0,,8.0,,,Bloqueio/Fraude/Kyc
#1063044,2026-02-02,Troca de E-mail,Lucas,Aberto,03:51,03:53,2.0,2026-02-28 03:26:00,2026-02-28 03:53:00,27.0,,25.0,,,Troca de E-mail
#1063061,2026-02-02,KYC/Reembolso,Lucas,Aberto,04:13,04:14,1.0,2026-02-28 04:05:00,2026-02-28 04:14:00,9.0,,8.0,,,Outros
#1063080,2026-02-02,Troca de E-mail,Lucas,Aberto,04:52,05:03,11.0,2026-02-28 04:51:00,2026-02-28 05:03:00,12.0,,1.0,,,
#1062928,2026-02-02,Giros,Lucas,Aberto,05:11,05:12,1.0,2026-02-28 04:24:00,2026-02-28 05:12:00,48.0,,47.0,,,
#1063084,2026-02-02,Giros,Lucas,Aberto,05:15,05:17,2.0,2026-02-28 04:57:00,2026-02-28 05:17:00,20.0,,18.0,,,
#1063077,2026-02-02,Erro KYC,Lucas,Aberto,05:23,05:25,2.0,2026-02-28 05:14:00,2026-02-28 05:25:00,11.0,,9.0,,,
#1063066,2026-02-02,"Financeiro (Depósito, saque e Devolução)",Lucas,Aberto,05:27,06:15,48.0,2026-02-28 04:40:00,2026-02-28 06:15:00,135.0,,47.0,,,
#1063122,2026-02-02,KYC/Reembolso,Lucas,Aberto,06:49,06:52,3.0,2026-02-28 06:45:00,2026-02-28 06:52:00,7.0,,4.0,,,
#1063117,2026-02-02,Campanhas/CRM,Lucas,Aberto,06:58,07:00,2.0,2026-02-28 06:52:00,2026-02-28 07:00:00,8.0,,6.0,,,
,,,,,,,,,,0.0,,0.0,,,
#1067807,2026-03-02,Erro KYC,Lucas,Aberto,19:51,19:54,3.0,2026-02-28 19:35:00,2026-02-28 20:36:00,101.0,,16.0,,,
#1067650,2026-03-02,Troca de E-mail,Lucas,Aberto,19:55,19:57,2.0,2026-02-28 18:23:00,2026-02-28 19:57:00,134.0,,132.0,,,
#1067608,2026-03-02,Erro KYC,Lucas,Aberto,19:59,20:00,1.0,2026-02-28 17:33:00,2026-02-28 20:00:00,227.0,,226.0,,,
#1067554,2026-03-02,Troca de E-mail,Lucas,Aberto,20:04,20:07,3.0,2026-02-28 17:31:00,2026-02-28 20:07:00,236.0,,233.0,,,
#1067530,2026-03-02,Troca de E-mail,Lucas,Aberto,20:09,20:11,2.0,2026-02-28 17:18:00,2026-02-28 20:11:00,253.0,,251.0,,,
#1067493,2026-03-02,Troca de E-mail,Lucas,Aberto,20:14,20:17,3.0,2026-02-28 16:56:00,2026-02-28 20:17:00,321.0,,318.0,,,
#1067603,2026-03-02,Cashback,Lucas,Aberto,20:22,20:26,4.0,2026-02-28 17:29:00,2026-02-28 20:26:00,257.0,,253.0,,,
#1067488,2026-03-02,Cashback,Lucas,Aberto,20:40,20:47,7.0,2026-02-28 16:27:00,2026-02-28 20:47:00,420.0,,413.0,,,
#1067801,2026-03-02,MED,Lucas,Aberto,20:48,20:50,2.0,2026-02-28 19:52:00,2026-02-28 20:50:00,58.0,,56.0,,,
#1067471,2026-03-02,Cashback,Lucas,Aberto,21:06,21:07,1.0,2026-02-28 16:21:00,2026-02-28 21:07:00,446.0,,445.0,,,
#1067459,2026-03-02,Cashback,Lucas,Aberto,21:10,21:12,2.0,2026-02-28 16:16:00,2026-02-28 21:12:00,456.0,,454.0,,,
#1019971,2026-02-02,Indique e ganhe,Lucas,Aberto,21:21,21:33,12.0,2026-02-28 23:21:00,2026-02-28 21:33:00,,,,,,
#1068056,2026-03-02,KYC/Reembolso,Lucas,Aberto,21:35,21:38,3.0,2026-02-28 21:12:00,2026-02-28 21:38:00,26.0,,23.0,,,
#1068210,2026-03-02,KYC/Reembolso,Lucas,Aberto,22:15,22:18,3.0,2026-02-28 22:08:00,2026-02-28 22:18:00,10.0,,7.0,,,
,,,,,,,,,,0.0,,0.0,,,
#1068008,2026-04-02,Cashback,Bárbara,Aberto,01:34,01:35,1.0,2026-02-28 23:37:00,2026-02-28 02:08:00,229.0,,150.0,,,
#1068328,2026-04-02,Troca de E-mail,Bárbara,Aberto,01:41,01:44,3.0,2026-02-28 23:22:00,2026-02-28 01:44:00,119.0,,,,,
#1068766,2026-04-02,KYC/Reembolso,Bárbara,Aberto,01:47,01:51,4.0,2026-02-28 01:19:00,2026-02-28 01:52:00,33.0,,28.0,,,
#1069202,2026-04-02,Cashback,Bárbara,Aberto,03:09,03:10,1.0,2026-02-28 01:43:00,2026-02-28 03:10:00,127.0,,126.0,,,
#1069244,2026-04-02,Bloqueio/Fraude,Bárbara,Aberto,02:19,02:21,2.0,2026-02-28 01:45:00,2026-02-28 02:21:00,36.0,,34.0,,,
#1069502,2026-04-02,KYC/Reembolso,Bárbara,Aberto,04:54,04:58,4.0,2026-02-28 04:33:00,2026-02-28 05:00:00,27.0,,21.0,,,
#1069534,2026-04-02,Erro Plataforma,Bárbara,Aberto,05:50,05:52,2.0,2026-02-28 05:38:00,2026-02-28 05:52:00,14.0,,12.0,,,
#1069579,2026-04-02,KYC/Reembolso,Bárbara,Aberto,06:44,06:47,3.0,2026-02-28 06:38:00,2026-02-28 06:47:00,9.0,,6.0,,,
,,,,,,,,,,0.0,,0.0,,,
#1073595,2026-05-02,Cashback,Bárbara,Aberto,19:28,19:29,1.0,2026-02-28 12:42:00,2026-02-28 19:36:00,654.0,,646.0,,,
#1074445,2026-05-02,Cashback,Bárbara,Aberto,19:31,19:32,1.0,2026-02-28 17:35:00,2026-02-28 19:40:00,205.0,,156.0,,,
#1074587,2026-05-02,Troca de E-mail,Bárbara,Aberto,19:35,19:40,5.0,2026-02-28 18:44:00,2026-02-28 19:40:00,56.0,,51.0,,,
#1074497,2026-05-02,Indique e ganhe,Bárbara,Aberto,19:56,20:00,4.0,2026-02-28 18:31:00,2026-02-28 21:37:00,306.0,,125.0,,,
#1074914,2026-05-02,"Financeiro (Depósito, saque e Devolução)",Bárbara,Aberto,21:38,21:41,3.0,2026-02-28 20:57:00,2026-02-28 21:41:00,44.0,,41.0,,,
#1074939,2026-05-02,Troca de E-mail,Bárbara,Aberto,21:43,21:46,3.0,2026-02-28 21:04:00,2026-02-28 21:46:00,42.0,,39.0,,,
#1075007,2026-05-02,KYC/Reembolso,Bárbara,Aberto,21:48,21:52,4.0,2026-02-28 21:31:00,2026-02-28 21:52:00,21.0,,17.0,,,
#1075088,2026-05-02,KYC/Reembolso,Bárbara,Aberto,22:02,22:05,3.0,2026-02-28 22:00:00,2026-02-28 22:05:00,5.0,,2.0,,,
#1075051,2026-05-02,Indique e ganhe,Bárbara,Aberto,22:07,22:30,23.0,2026-02-28 21:40:00,2026-02-28 22:30:00,50.0,,27.0,,,
#1074947,2026-05-02,"Financeiro (Depósito, saque e Devolução)",Bárbara,Aberto,22:33,22:35,2.0,2026-02-28 20:53:00,2026-02-28 22:35:00,142.0,,140.0,,,
#1075148,2026-05-02,Troca de E-mail,Bárbara,Aberto,22:54,23:02,8.0,2026-02-28 22:32:00,2026-02-28 23:02:00,30.0,,22.0,,,
#1075124,2026-05-02,Erro Plataforma,Bárbara,Aberto,23:03,23:04,1.0,2026-02-28 22:10:00,2026-02-28 23:04:00,54.0,,53.0,,,
#1074895,2026-05-02,"Financeiro (Depósito, saque e Devolução)",Bárbara,Aberto,23:04,23:07,3.0,2026-02-28 20:44:00,2026-02-28 23:06:00,222.0,,220.0,,,
#1075295,2026-05-02,"Financeiro (Depósito, saque e Devolução)",Bárbara,Aberto,00:25,00:27,2.0,2026-02-28 23:46:00,2026-02-28 00:27:00,41.0,,119.0,,,
,,,,,,,,,,,,,,,
#1075077,2026-06-02,Campanhas/CRM,Lucas,Aberto,01:18,01:19,1.0,2026-02-28 22:04:00,2026-02-28 01:19:00,315.0,,314.0,,,
#1075416,2026-06-02,KYC/Reembolso,Lucas,Aberto,01:29,01:31,2.0,2026-02-28 01:17:00,2026-02-28 02:48:00,131.0,,12.0,,,
#1074136,2026-06-02,Cashback,Lucas,Aberto,01:42,02:05,23.0,2026-02-28 15:37:00,2026-02-28 02:04:00,1000.0,,1005.0,,,
#1075787,2026-06-02,Cashback,Lucas,Aberto,02:10,02:12,2.0,2026-02-28 01:59:00,2026-02-28 02:11:00,12.0,,11.0,,,
#1074110,2026-06-02,Aposta esportiva,Lucas,Aberto,02:23,02:42,19.0,2026-02-28 15:35:00,2026-02-28 02:42:00,1242.0,,219.0,,,
#1076044,2026-06-02,KYC/Reembolso,Lucas,Aberto,02:51,02:55,4.0,2026-02-28 02:47:00,2026-02-28 03:00:00,13.0,,4.0,,,
#1075560,2026-06-02,Aposta esportiva,Lucas,Aberto,03:37,04:58,0.0,2026-02-28 03:06:00,2026-02-28 05:00:00,154.0,,31.0,,,
#1075396,2026-06-02,Missão,Lucas,Aberto,03:49,03:52,3.0,2026-02-28 03:37:00,2026-02-28 03:52:00,15.0,,12.0,,,
#1076153,2026-06-02,KYC/Reembolso,Lucas,Aberto,03:54,03:55,1.0,2026-02-28 03:26:00,2026-02-28 03:55:00,29.0,,28.0,,,
#1076262,2026-06-02,"Financeiro (Depósito, saque e Devolução)",Lucas,Aberto,06:15,06:21,6.0,2026-02-28 06:04:00,2026-02-28 06:21:00,17.0,,11.0,,,
#1076260,2026-06-02,Cashback,Lucas,Aberto,06:23,06:33,10.0,2026-02-28 06:16:00,2026-02-28 06:33:00,17.0,,7.0,,,
#1076273,2026-06-02,Cashback,Lucas,Aberto,06:41,06:42,1.0,2026-02-28 06:29:00,2026-02-28 06:42:00,13.0,,12.0,,,
#1076265,2026-06-02,Cashback,Lucas,Aberto,06:49,06:50,1.0,2026-02-28 06:25:00,2026-02-28 06:50:00,25.0,,24.0,,,
,,,,,,,,,,0.0,,0.0,,,
#1082112,2026-07-02,"Financeiro (Depósito, saque e Devolução)",Lucas,Aberto,20:19,20:30,11.0,2026-02-28 19:52:00,2026-02-28 20:31:00,39.0,,27.0,,,
#1082844,2026-07-02,KYC/Reembolso,Lucas,Aberto,22:22,22:25,3.0,2026-02-28 22:21:00,2026-02-28 22:26:00,5.0,,1.0,,,
#1082968,2026-07-02,"Financeiro (Depósito, saque e Devolução)",Bárbara,Aberto,00:37,00:40,3.0,2026-02-28 22:57:00,2026-02-28 00:41:00,117.0,,220.0,,,
#1083212,2026-08-02,Erro Plataforma,Bárbara,Aberto,01:14,01:21,7.0,2026-02-28 00:27:00,2026-02-28 08:45:00,818.0,,47.0,,,
#1083386,2026-08-02,KYC/Reembolso,Bárbara,Aberto,01:24,01:28,4.0,2026-02-28 00:43:00,2026-02-28 01:34:00,51.0,,41.0,,,
#1082911,2026-08-02,"Financeiro (Depósito, saque e Devolução)",Bárbara,Aberto,01:29,01:32,3.0,2026-02-28 22:40:00,2026-02-28 01:37:00,334.0,,311.0,,,
#1083548,2026-08-02,Troca de E-mail,Bárbara,Aberto,01:39,01:46,7.0,2026-02-28 01:37:00,2026-02-28 03:17:00,140.0,,2.0,,,
#1083005,2026-08-02,Cashback,Bárbara,Aberto,01:47,02:08,21.0,2026-02-28 23:16:00,2026-02-28 02:08:00,256.0,,208.0,,,
#1083640,2026-08-02,KYC/Reembolso,Bárbara,Aberto,02:10,02:13,53.0,2026-02-28 01:53:00,2026-02-28 02:13:00,20.0,,17.0,,,
#1083646,2026-08-02,"Financeiro (Depósito, saque e Devolução)",Bárbara,Aberto,03:00,03:03,13.0,2026-02-28 02:09:00,2026-02-28 03:03:00,54.0,,51.0,,,
#1083698,2026-08-02,Erro KYC,Bárbara,Aberto,03:03,03:13,10.0,2026-02-28 02:29:00,2026-02-28 03:04:00,35.0,,34.0,,,
#1082934,2026-08-02,Indique e ganhe,Bárbara,Aberto,03:23,03:25,2.0,2026-02-28 01:33:00,2026-02-28 02:24:00,51.0,,150.0,,,
#1083237,2026-08-02,KYC/Reembolso,Bárbara,Aberto,03:26,03:31,5.0,2026-02-28 02:40:00,2026-02-28 03:31:00,51.0,,46.0,,,
#1083745,2026-08-02,KYC/Reembolso,Bárbara,Aberto,03:32,03:35,3.0,2026-02-28 02:54:00,2026-02-28 03:35:00,41.0,,38.0,,,
#1083802,2026-08-02,KYC/Reembolso,Bárbara,Aberto,04:12,04:15,3.0,2026-02-28 04:03:00,2026-02-28 04:15:00,12.0,,9.0,,,
#1083777,2026-08-02,KYC/Reembolso,Bárbara,Aberto,04:16,04:19,3.0,2026-02-28 03:37:00,2026-02-28 04:19:00,42.0,,39.0,,,
#1083831,2026-08-02,"Financeiro (Depósito, saque e Devolução)",Bárbara,Aberto,04:53,05:20,27.0,2026-02-28 04:50:00,2026-02-28 05:20:00,30.0,,3.0,,,
#1083889,2026-08-02,Aposta esportiva,Bárbara,Aberto,06:40,06:42,2.0,2026-02-28 06:21:00,2026-02-28 06:42:00,21.0,,19.0,,,
#1083938,2026-08-02,Troca de E-mail,Bárbara,Aberto,07:01,07:04,3.0,2026-02-28 07:00:00,2026-02-28 07:04:00,4.0,,1.0,,,
,,,,,,,,,,0.0,,0.0,,,
#1090525,2026-10-02,Missão,Bárbara,Aberto,00:48,00:56,8.0,2026-02-28 00:18:00,2026-02-28 00:56:00,38.0,,30.0,,,
#1090622,2026-10-02,Aposta esportiva,Lucas,Aberto,01:14,01:37,23.0,2026-02-28 00:15:00,2026-02-28 01:36:00,121.0,,59.0,,,
#1091068,2026-10-02,Troca de E-mail,Lucas,Aberto,02:10,02:14,4.0,,,0.0,,210.0,,,
#1091086,2026-10-02,Erro KYC,Lucas,Aberto,03:35,03:36,1.0,2026-02-28 02:39:00,2026-02-28 03:36:00,57.0,,56.0,,,
#1091101,2026-10-02,Erro KYC,Lucas,Aberto,03:36,03:37,1.0,2026-02-28 02:41:00,2026-02-28 03:36:00,55.0,,55.0,,,
#1091122,2026-10-02,Erro KYC,Lucas,Aberto,03:38,03:39,1.0,2026-02-28 03:16:00,2026-02-28 03:35:00,19.0,,22.0,,,
#1091125,2026-10-02,Erro KYC,Lucas,Aberto,03:39,03:40,1.0,2026-02-28 02:49:00,2026-02-28 03:34:00,45.0,,50.0,,,
#1091129,2026-10-02,Erro KYC,Lucas,Aberto,03:40,03:41,1.0,2026-02-28 02:52:00,2026-02-28 03:34:00,42.0,,48.0,,,
#1091187,2026-10-02,Erro KYC,Lucas,Aberto,03:41,03:42,1.0,2026-02-28 03:13:00,2026-02-28 03:33:00,20.0,,28.0,,,
#1091197,2026-10-02,Erro KYC,Lucas,Aberto,03:43,03:44,1.0,2026-02-28 03:15:00,2026-02-28 03:44:00,29.0,,28.0,,,
#1091225,2026-10-02,Erro KYC,Lucas,Aberto,03:44,03:45,1.0,2026-02-28 03:15:00,2026-02-28 03:45:00,30.0,,29.0,,,
#1091236,2026-10-02,Erro KYC,Lucas,Aberto,03:46,03:47,1.0,2026-02-28 03:37:00,2026-02-28 03:47:00,10.0,,9.0,,,
#1091238,2026-10-02,Erro KYC,Lucas,Aberto,03:47,03:48,1.0,2026-02-28 03:30:00,2026-02-28 03:48:00,18.0,,17.0,,,
#1091057,2026-10-02,Erro KYC,Lucas,Aberto,03:49,03:50,1.0,2026-02-28 01:46:00,2026-02-28 03:49:00,203.0,,203.0,,,
#1091138,2026-10-02,Aposta esportiva,Lucas,Aberto,05:00,05:02,2.0,2026-02-28 04:40:00,2026-02-28 05:02:00,22.0,,20.0,,,
#1091192,2026-10-02,Missão,Lucas,Aberto,05:06,05:07,1.0,2026-02-28 04:26:00,2026-02-28 05:07:00,41.0,,40.0,,,
#1091234,2026-10-02,Indique e ganhe,Lucas,Aberto,05:14,05:19,5.0,2026-02-28 04:15:00,2026-02-28 05:20:00,105.0,,59.0,,,
#1091189,2026-10-02,Giros,Lucas,Aberto,05:23,05:24,1.0,2026-02-28 05:11:00,2026-02-28 05:24:00,13.0,,12.0,,,
#1091344,2026-10-02,Giros,Lucas,Aberto,05:58,06:01,3.0,2026-02-28 05:42:00,2026-02-28 06:01:00,19.0,,16.0,,,
,,,,,,,,,,0.0,,0.0,,,
#1098487,2026-11-02,KYC/Reembolso,Lucas,Aberto,19:57,20:03,6.0,2026-02-28 19:49:00,2026-02-28 20:03:00,14.0,,8.0,,,
#1098196,2026-11-02,KYC/Reembolso,Lucas,Aberto,20:05,20:13,8.0,2026-02-28 19:19:00,2026-02-28 20:13:00,54.0,,,,,
#1098084,2026-11-02,KYC/Reembolso,Lucas,Aberto,20:22,20:26,4.0,2026-02-28 19:06:00,2026-02-28 20:26:00,120.0,,,,,
#1098007,2026-11-02,KYC/Reembolso,Lucas,Aberto,20:28,20:32,4.0,2026-02-28 17:57:00,2026-02-28 20:32:00,235.0,,,,,
#1097920,2026-11-02,KYC/Reembolso,Lucas,Aberto,20:33,20:36,3.0,2026-02-28 17:26:00,2026-02-28 20:36:00,310.0,,,,,
#1098072,2026-11-02,Cashback,Lucas,Aberto,20:52,21:02,10.0,2026-02-28 17:12:00,2026-02-28 21:02:00,350.0,,,,,
#1098034,2026-11-02,Cashback,Lucas,Aberto,21:15,21:22,7.0,2026-02-28 16:59:00,2026-02-28 21:22:00,423.0,,,,,
#1098716,2026-11-02,Erro KYC,Lucas,Aberto,21:26,21:27,1.0,2026-02-28 21:04:00,2026-02-28 21:27:00,23.0,,,,,
#1096489,2026-11-02,Erro Plataforma,Lucas,Aberto,21:30,21:34,2.0,2026-02-28 09:16:00,2026-02-28 21:34:00,1218.0,,,,,
#1098821,2026-11-02,Erro Plataforma,Lucas,Aberto,21:47,21:52,5.0,2026-02-28 21:30:00,2026-02-28 21:52:00,22.0,,,,,
#1098860,2026-11-02,Erro KYC,Lucas,Aberto,22:02,22:32,30.0,2026-02-28 21:42:00,2026-02-28 22:32:00,50.0,,,,,
#1097883,2026-11-02,"Financeiro (Depósito, saque e Devolução)",Lucas,Aberto,22:34,22:38,4.0,2026-02-28 16:47:00,2026-02-28 22:30:00,543.0,,,,,
#1099059,2026-11-02,Erro KYC,Lucas,Aberto,22:38,22:56,18.0,2026-02-28 22:30:00,2026-02-28 22:56:00,26.0,,,,,
,,,,,,,,,,0.0,,,,,
#1099554,2026-12-02,KYC/Reembolso,Bárbara,Aberto,01:48,01:54,6.0,2026-02-28 01:10:00,2026-02-28 01:54:00,44.0,,,,,
#1099432,2026-12-02,"Financeiro (Depósito, saque e Devolução)",Bárbara,Aberto,02:35,02:43,8.0,2026-02-28 00:26:00,2026-02-28 02:43:00,217.0,,,,,
#1100312,2026-12-02,KYC/Reembolso,Bárbara,Aberto,04:02,04:12,10.0,2026-02-28 03:41:00,2026-02-28 04:12:00,31.0,,,,,
#1100363,2026-12-02,KYC/Reembolso,Bárbara,Aberto,04:47,04:52,5.0,2026-02-28 04:42:00,2026-02-28 04:52:00,10.0,,,,,
#1100097,2026-12-02,KYC/Reembolso,Bárbara,Aberto,05:01,05:04,3.0,2026-02-28 04:40:00,2026-02-28 05:04:00,24.0,,,,,
#1100227,2026-12-02,Erro KYC,Bárbara,Aberto,05:04,05:13,9.0,2026-02-28 03:09:00,2026-02-28 05:13:00,204.0,,,,,
#1100362,2026-12-02,KYC/Reembolso,Bárbara,Aberto,05:11,05:16,5.0,2026-02-28 04:45:00,2026-02-28 05:16:00,31.0,,,,,
#1100399,2026-12-02,KYC/Reembolso,Bárbara,Aberto,05:47,05:50,3.0,2026-02-28 05:46:00,2026-02-28 05:50:00,4.0,,,,,
#1100413,2026-12-02,KYC/Reembolso,Bárbara,Aberto,06:33,06:37,4.0,2026-02-28 06:25:00,2026-02-28 06:37:00,12.0,,,,,
#1100404,2026-12-02,Cassino,Lucas,Aberto,06:46,06:49,3.0,2026-02-28 06:45:00,2026-02-28 06:49:00,4.0,,,,,
#1100439,2026-12-02,Cashback,Bárbara,Aberto,06:47,06:49,2.0,2026-02-28 05:43:00,2026-02-28 06:49:00,106.0,,,,,
#1100445,2026-12-02,Campanhas/CRM,Bárbara,Aberto,06:50,06:53,3.0,2026-02-28 06:42:00,2026-02-28 06:53:00,11.0,,,,,
,,,,,,,,,,0.0,,,,,
#1105525,2026-02-13,Troca de E-mail,Bárbara,Aberto,20:33,20:40,7.0,2026-02-28 19:37:00,2026-02-28 20:40:00,103.0,,,,,
#1105715,2026-02-13,Troca de E-mail,Bárbara,Aberto,21:43,21:49,6.0,2026-02-28 21:28:00,2026-02-28 21:49:00,21.0,,,-203701.0,,
#34711452,2026-02-13,"Financeiro (Depósito, saque e Devolução)",Bárbara,Aberto,22:16,22:19,3.0,2026-02-28 22:06:00,2026-02-28 22:19:00,13.0,,,,,
#1106222,2026-02-13,"Financeiro (Depósito, saque e Devolução)",Bárbara,Aberto,00:32,00:34,2.0,2026-02-28 23:31:00,2026-02-28 00:34:00,58.0,,,,,
#1106254,2026-02-13,"Financeiro (Depósito, saque e Devolução)",Bárbara,Aberto,00:49,00:50,1.0,2026-02-28 00:03:00,2026-02-28 00:50:00,47.0,,,,,
#1106053,2026-02-13,"Financeiro (Depósito, saque e Devolução)",Bárbara,Aberto,00:51,00:53,2.0,2026-02-28 23:22:00,2026-02-28 00:53:00,30.0,,,,,
,,,,,,,,,,0.0,,,,,
#1068043,2026-02-14,Troca de E-mail,Bárbara,Aberto,01:00,00:06,-54.0,2026-02-28 21:15:00,2026-02-28 01:06:00,309.0,,,,,
#1106326,2026-02-14,Erro Plataforma,Bárbara,Aberto,01:15,01:18,3.0,2026-02-28 00:59:00,2026-02-28 01:18:00,19.0,,,,,
#1106172,2026-02-14,Erro Plataforma,Bárbara,Aberto,01:19,01:23,4.0,2026-02-28 23:51:00,2026-02-28 01:23:00,130.0,,,,,
#1106297,2026-02-14,"Financeiro (Depósito, saque e Devolução)",Bárbara,Aberto,01:24,01:25,1.0,2026-02-28 00:33:00,2026-02-28 01:25:00,52.0,,,,,
#1106602,2026-02-14,"Financeiro (Depósito, saque e Devolução)",Bárbara,Aberto,01:34,01:37,3.0,2026-02-28 01:21:00,2026-02-28 01:37:00,16.0,,,,,
#1106012,2026-02-14,Troca de E-mail,Bárbara,Aberto,01:31,01:33,2.0,2026-02-28 00:48:00,2026-02-28 01:33:00,45.0,,,,,
,,,,,,,,,,0.0,,,,,
#1105727,2026-02-14,Cashback,Lucas,Aberto,01:42,01:45,3.0,2026-02-28 23:35:00,2026-02-28 01:45:00,50.0,,,,,
#1106385,2026-02-14,Cassino,Lucas,Aberto,01:50,01:57,7.0,2026-02-28 01:17:00,2026-02-28 01:57:00,40.0,,,,,
#1106704,2026-02-14,Cassino,Lucas,Aberto,03:34,03:36,2.0,2026-02-28 03:28:00,2026-02-28 03:30:00,2.0,,,,,
#1106899,2026-02-14,KYC/Reembolso,Lucas,Aberto,04:43,04:46,3.0,2026-02-28 04:10:00,2026-02-28 04:46:00,36.0,,,,,
#1106917,2026-02-14,Erro Plataforma,Lucas,Aberto,04:51,04:52,1.0,2026-02-28 04:12:00,2026-02-28 04:52:00,40.0,,,,,
#1106956,2026-02-14,Campanhas/CRM,Lucas,Aberto,05:26,05:37,11.0,2026-02-28 05:20:00,2026-02-28 05:37:00,17.0,,,,,
#1106981,2026-02-14,Missão,Lucas,Aberto,05:39,05:41,2.0,2026-02-28 05:30:00,2026-02-28 05:41:00,11.0,,,,,
#1106986,2026-02-14,Aposta esportiva,Lucas,Aberto,05:52,06:01,9.0,2026-02-28 05:44:00,2026-02-28 06:01:00,17.0,,,,,
#1106944,2026-02-14,Campanhas/CRM,Lucas,Em espera,06:11,06:21,10.0,2026-02-28 05:58:00,2026-02-28 06:21:00,23.0,,,,,
#1106943,2026-02-14,Indique e ganhe,Lucas,Aberto,06:25,06:33,8.0,2026-02-28 06:03:00,2026-02-28 06:33:00,30.0,,,,,
,,,,,,,,,,0.0,,,,,
#1110795,2026-02-15,Campanhas/CRM,Lucas,Em espera,21:15,21:17,2.0,2026-02-28 19:07:00,2026-02-28 21:17:00,210.0,,,,,
#1110956,2026-02-15,"Financeiro (Depósito, saque e Devolução)",Lucas,Aberto,21:21,21:22,1.0,2026-02-28 20:39:00,2026-02-28 21:22:00,43.0,,,,,
#1110936,2026-02-15,Cashback,Lucas,Aberto,21:50,21:53,3.0,2026-02-28 21:40:00,2026-02-28 21:53:00,13.0,,,,,
#1109629,2026-02-15,"Financeiro (Depósito, saque e Devolução)",Lucas,Aberto,22:25,22:31,6.0,2026-02-28 07:06:00,2026-02-28 22:31:00,1525.0,,,,,
#1110796,2026-02-15,Cassino,Lucas,Aberto,22:44,22:47,3.0,2026-02-28 22:11:00,2026-02-28 22:47:00,36.0,,,,,
#1111150,2026-02-15,KYC/Reembolso,Lucas,Aberto,23:20,23:23,3.0,2026-02-28 22:56:00,2026-02-28 23:33:00,37.0,,,,,
#1111013,2026-02-15,Campanhas/CRM,Lucas,Aberto,23:25,23:29,4.0,2026-02-28 23:18:00,2026-02-28 23:29:00,11.0,,,,,
#1111221,2026-02-15,KYC/Reembolso,Lucas,Aberto,23:33,23:36,3.0,2026-02-28 23:25:00,2026-02-28 23:37:00,12.0,,,,,
,,,,,,,,,,0.0,,,,,
#1111250,2026-02-16,KYC/Reembolso,Bárbara,Aberto,00:17,00:23,6.0,2026-02-28 23:53:00,2026-02-28 00:23:00,30.0,,,,,
#1111145,2026-02-16,Aposta esportiva,Bárbara,Aberto,02:16,03:48,92.0,2026-02-28 00:03:00,2026-02-28 03:48:00,345.0,,,,,
#1117111,2026-02-16,"Financeiro (Depósito, saque e Devolução)",Bárbara,Aberto,03:05,03:17,12.0,2026-02-28 23:53:00,2026-02-28 00:23:00,30.0,,,,,
#1111837,2026-02-16,KYC/Reembolso,Bárbara,Aberto,03:43,03:47,4.0,2026-02-28 03:43:00,2026-02-28 03:48:00,5.0,,,,,
#1111075,2026-02-16,Cassino,Bárbara,Aberto,03:50,03:51,1.0,2026-02-28 01:10:00,2026-02-28 03:58:00,248.0,,,,,
,,,,,,,,,,0.0,,,,,
#1117670,2026-02-17,KYC/Reembolso,Bárbara,Aberto,19:38,19:41,3.0,2026-02-28 19:30:00,2026-02-28 19:44:00,14.0,,,,,
#1117775,2026-02-17,Erro Plataforma,Bárbara,Aberto,20:46,20:48,2.0,2026-02-28 20:32:00,2026-02-28 20:44:00,12.0,,,,,
#1118155,2026-02-17,Erro KYC,Lucas,Aberto,22:13,22:18,5.0,2026-02-28 22:00:00,2026-02-28 22:22:00,22.0,,,,,
#1118045,2026-02-17,KYC/Reembolso,Lucas,Aberto,22:22,22:24,2.0,2026-02-28 21:30:00,2026-02-28 22:25:00,55.0,,,,,
#1118404,2026-02-17,KYC/Reembolso,Lucas,Aberto,23:29,23:31,2.0,2026-02-28 23:26:00,2026-02-28 23:32:00,6.0,,,,,
#1118415,2026-02-17,KYC/Reembolso,Lucas,Aberto,23:37,23:40,3.0,2026-02-28 23:30:00,2026-02-28 23:41:00,11.0,,,,,
#1118501,2026-02-18,"Financeiro (Depósito, saque e Devolução)",Lucas,Aberto,01:06,01:08,2.0,2026-02-28 23:59:00,2026-02-28 01:08:00,107.0,,,,,
#1118389,2026-02-18,KYC/Reembolso,Lucas,Aberto,01:08,01:11,3.0,2026-02-28 00:04:00,2026-02-28 01:12:00,108.0,,,,,
#1118927,2026-02-18,KYC/Reembolso,Lucas,Aberto,01:59,02:01,2.0,2026-02-28 01:55:00,2026-02-28 02:35:00,40.0,,,,,
#1119102,2026-02-18,"Financeiro (Depósito, saque e Devolução)",Lucas,Aberto,05:00,05:03,3.0,2026-02-28 04:19:00,2026-02-28 04:22:00,3.0,,,,,
#1119011,2026-02-18,Missão,Lucas,Aberto,05:19,05:22,3.0,2026-02-28 05:07:00,2026-02-28 05:10:00,3.0,,,,,
#1119133,2026-02-18,KYC/Reembolso,Lucas,Aberto,06:06,06:11,5.0,2026-02-28 05:55:00,2026-02-28 06:11:00,16.0,,,,,
#1119155,2026-02-18,Erro Plataforma,Lucas,Em espera,06:53,06:58,5.0,2026-02-28 06:49:00,2026-02-28 06:58:00,9.0,,,,,
,,,,,,,,,,0.0,,,,,
#1124353,2026-02-19,Indique e ganhe,Lucas,Aberto,19:14,19:19,5.0,2026-02-28 18:50:00,2026-02-28 19:19:00,29.0,,,,,
#1124389,2026-02-19,"Financeiro (Depósito, saque e Devolução)",Lucas,Aberto,19:21,19:26,5.0,2026-02-28 19:14:00,2026-02-28 19:26:00,12.0,,,,,
#1124227,2026-02-19,MED,Lucas,Aberto,19:31,19:33,2.0,2026-02-28 17:57:00,2026-02-28 19:33:00,136.0,,,,,
#1123987,2026-02-19,Cassino,Lucas,Aberto,19:35,19:38,3.0,2026-02-28 16:31:00,2026-02-28 19:38:00,307.0,,,,,
#1123955,2026-02-19,Cassino,Lucas,Aberto,19:44,19:47,3.0,2026-02-28 16:22:00,2026-02-28 19:47:00,325.0,,,,,
#1122920,2026-02-19,Indique e ganhe,Lucas,Aberto,19:54,19:55,1.0,2026-02-28 18:52:00,2026-02-28 19:55:00,103.0,,,,,
#1124569,2026-02-19,"Financeiro (Depósito, saque e Devolução)",Lucas,Aberto,20:09,20:12,3.0,2026-02-28 20:08:00,2026-02-28 20:12:00,4.0,,,,,
#1119155,2026-02-19,Erro Plataforma,Lucas,Aberto,,,,2026-02-28 06:49:00,2026-02-28 20:44:00,1355.0,,,,,
#1124584,2026-02-19,Erro KYC,Lucas,Aberto,20:44,20:46,2.0,2026-02-28 20:30:00,2026-02-28 20:55:00,25.0,,,,,
#1124558,2026-02-19,KYC/Reembolso,Lucas,Aberto,20:51,20:54,3.0,2026-02-28 20:30:00,2026-02-28 20:55:00,25.0,,,,,
#1124533,2026-02-19,KYC/Reembolso,Lucas,Aberto,20:56,20:59,3.0,2026-02-28 20:41:00,2026-02-28 21:05:00,24.0,,,,,
#1124357,2026-02-19,Erro Plataforma,Lucas,Aberto,21:01,21:06,5.0,2026-02-28 19:44:00,2026-02-28 21:06:00,122.0,,,,,
#1124625,2026-02-19,Troca de E-mail,Lucas,Aberto,21:09,21:11,2.0,2026-02-28 20:47:00,2026-02-28 21:11:00,24.0,,,,,
#1123886,2026-02-19,Erro Plataforma,Lucas,Aberto,21:14,21:17,3.0,2026-02-28 16:29:00,2026-02-28 21:17:00,448.0,,,,,
#1123487,2026-02-19,Cassino,Lucas,Aberto,21:28,21:29,1.0,2026-02-28 19:21:00,2026-02-28 21:29:00,208.0,,,,,
#1124749,2026-02-19,KYC/Reembolso,Lucas,Aberto,21:49,21:52,3.0,2026-02-28 21:38:00,2026-02-28 21:53:00,15.0,,,,,
#1125019,2026-02-19,KYC/Reembolso,Lucas,Aberto,22:47,22:48,1.0,2026-02-28 22:34:00,2026-02-28 22:49:00,15.0,,,,,
,,,,,,,,,,,,,,,
#1125072,2026-02-20,"Financeiro (Depósito, saque e Devolução)",Bárbara,Aberto,00:13,00:25,12.0,2026-02-28 22:45:00,2026-02-28 01:40:00,250.0,,,,,
#1125851,2026-02-20,Indique e ganhe,Bárbara,Aberto,02:35,02:42,7.0,2026-02-28 01:51:00,2026-02-28 02:42:00,51.0,,,,,
#1126138,2026-02-20,Campanhas/CRM,Bárbara,Aberto,06:12,06:16,4.0,2026-02-28 05:47:00,2026-02-28 06:16:00,29.0,,,,,
#1126076,2026-02-20,Campanhas/CRM,Bárbara,Aberto,06:24,06:35,11.0,2026-02-28 04:45:00,2026-02-28 06:35:00,150.0,,,,,
#1126171,2026-02-20,KYC/Reembolso,Lucas,Aberto,06:33,06:35,2.0,2026-02-28 06:08:00,2026-02-28 06:35:00,27.0,,,,,
#1126059,2026-02-20,Aposta esportiva,Lucas,Aberto,06:46,06:57,11.0,2026-02-28 05:22:00,2026-02-28 06:57:00,135.0,,,,,
,,,,,,,,,,0.0,,,,,
#1133092,2026-02-21,Troca de E-mail,Bárbara,Aberto,19:39,19:45,6.0,2026-02-28 19:31:00,2026-02-28 19:45:00,14.0,,,,,
#1133229,2026-02-21,Erro Plataforma,Bárbara,Aberto,20:29,20:31,2.0,2026-02-28 20:05:00,2026-02-28 20:31:00,26.0,,,,,
#1133204,2026-02-21,KYC/Reembolso,Bárbara,Aberto,20:44,20:50,6.0,2026-02-28 20:36:00,2026-02-28 20:50:00,14.0,,,,,
#1133668,2026-02-21,"Financeiro (Depósito, saque e Devolução)",Bárbara,Aberto,22:29,22:34,5.0,2026-02-28 22:06:00,2026-02-28 22:34:00,28.0,,,,,
,,,,,,,,,,0.0,,,,,
#1133977,2026-02-22,KYC/Reembolso,Lucas,Aberto,01:30,01:32,2.0,2026-02-28 23:38:00,2026-02-28 01:32:00,230.0,,,,,
#1133897,2026-02-22,KYC/Reembolso,Lucas,Aberto,01:35,01:37,2.0,2026-02-28 23:14:00,2026-02-28 01:36:00,215.0,,,,,
#1133293,2026-02-22,KYC/Reembolso,Lucas,Aberto,01:41,01:43,2.0,2026-02-28 23:00:00,2026-02-28 01:43:00,243.0,,,,,
#1133883,2026-02-22,KYC/Reembolso,Lucas,Aberto,01:46,01:51,5.0,2026-02-28 23:24:00,2026-02-28 01:51:00,233.0,,,,,
#1134170,2026-02-22,Troca de E-mail,Lucas,Aberto,02:56,03:03,7.0,2026-02-28 00:41:00,2026-02-28 03:02:00,221.0,,,,,
#1134787,2026-02-22,KYC/Reembolso,Lucas,Aberto,03:24,03:27,3.0,2026-02-28 03:19:00,2026-02-28 03:27:00,8.0,,,,,
# 1134606,2026-02-22,Aposta esportiva,Lucas,Aberto,03:29,06:20,171.0,2026-02-28 03:20:00,2026-02-28 06:20:00,300.0,,,,,
#1134802,2026-02-22,KYC/Reembolso,Lucas,Aberto,03:48,03:51,3.0,2026-02-28 03:36:00,2026-02-28 03:51:00,15.0,,,,,
#1134823,2026-02-22,KYC/Reembolso,Lucas,Aberto,03:51,03:54,3.0,2026-02-28 03:48:00,2026-02-28 03:54:00,6.0,,,,,
#1134945,2026-02-22,Troca de E-mail,Lucas,Aberto,06:45,06:50,5.0,2026-02-28 06:40:00,2026-02-28 06:50:00,10.0,,,,,
,,,,,,,,,,0.0,,,,,
#1140351,2026-02-23,KYC/Reembolso,Lucas,Aberto,19:13,19:16,3.0,2026-02-28 19:08:00,2026-02-28 19:16:00,8.0,,,,,
#1140292,2026-02-23,"Financeiro (Depósito, saque e Devolução)",Lucas,Aberto,19:26,19:35,9.0,2026-02-28 19:09:00,2026-02-28 19:35:00,26.0,,,,,
#1140560,2026-02-23,"Financeiro (Depósito, saque e Devolução)",Lucas,Aberto,19:42,19:45,3.0,2026-02-28 19:19:00,2026-02-28 19:45:00,26.0,,,,,
#1140576,2026-02-23,Erro Plataforma,Lucas,Aberto,19:51,20:50,59.0,2026-02-28 19:44:00,2026-02-28 20:50:00,106.0,,,,,
#1140646,2026-02-23,Troca de E-mail,Lucas,Aberto,20:20,20:23,3.0,2026-02-28 20:01:00,2026-02-28 20:23:00,22.0,,,,,
#1140654,2026-02-23,"Financeiro (Depósito, saque e Devolução)",Lucas,Em espera,20:33,20:45,12.0,2026-02-28 20:12:00,2026-02-28 20:45:00,33.0,,,,,
#1140765,2026-02-23,Bloqueio/Fraude,Lucas,Aberto,21:02,21:03,1.0,2026-02-28 20:48:00,2026-02-28 21:03:00,15.0,,,,,
#1140714,2026-02-23,Cashback,Lucas,Aberto,21:11,21:15,4.0,2026-02-28 20:39:00,2026-02-28 21:15:00,36.0,,,,,
#1140270,2026-02-23,Cashback,Lucas,Aberto,21:22,21:27,5.0,2026-02-28 18:31:00,2026-02-28 21:27:00,256.0,,,,,
#1141065,2026-02-23,KYC/Reembolso,Lucas,Aberto,22:23,22:26,3.0,2026-02-28 21:52:00,2026-02-28 22:26:00,34.0,,,,,
#1141107,2026-02-23,Bloqueio/Fraude,Lucas,Aberto,22:32,22:32,0.0,2026-02-28 22:25:00,2026-02-28 22:32:00,7.0,,,,,
#1140828,2026-02-23,KYC/Reembolso,Lucas,Aberto,22:33,22:39,6.0,2026-02-28 21:34:00,2026-02-28 22:39:00,105.0,,,,,
#1141062,2026-02-23,KYC/Reembolso,Lucas,Aberto,22:43,22:45,2.0,2026-02-28 22:37:00,2026-02-28 22:45:00,8.0,,,,,
#1140822,2026-02-23,"Financeiro (Depósito, saque e Devolução)",Lucas,Em espera,22:46,22:54,8.0,2026-02-28 21:03:00,2026-02-28 23:04:00,201.0,,,,,
#1140708,2026-02-23,Troca de E-mail,Lucas,Aberto,22:56,23:23,27.0,2026-02-28 20:46:00,2026-02-28 23:13:00,227.0,,,,,
#1140610,2026-02-23,KYC/Reembolso,Lucas,Aberto,23:18,23:22,4.0,2026-02-28 20:08:00,2026-02-28 23:27:00,319.0,,,,,
#1127856,2026-02-23,Cashback,Lucas,Aberto,23:22,23:32,10.0,2026-02-28 17:20:00,2026-02-28 23:32:00,612.0,,,,,
#1141200,2026-02-23,Troca de E-mail,Lucas,Aberto,23:45,23:49,4.0,2026-02-28 23:40:00,2026-02-28 23:49:00,9.0,,,,,
,,,,,,,,,,0.0,,,,,
#1141397,2026-02-24,KYC/Reembolso,Bárbara,Aberto,00:17,00:22,5.0,2026-02-28 00:01:00,2026-02-28 00:22:00,21.0,,,,,
#1141399,2026-02-24,Troca de E-mail,Bárbara,Aberto,00:28,00:50,22.0,2026-02-28 23:50:00,2026-02-28 00:50:00,150.0,,,,,
#1141860,2026-02-24,KYC/Reembolso,Bárbara,Aberto,01:49,01:57,8.0,2026-02-28 01:42:00,2026-02-28 01:57:00,15.0,,,,,
#1141930,2026-02-24,Cashback,Bárbara,Aberto,03:05,03:10,5.0,2026-02-28 03:05:00,2026-02-28 03:10:00,5.0,,,,,
#1141930,2026-02-24,"Financeiro (Depósito, saque e Devolução)",Bárbara,Aberto,03:12,04:08,56.0,2026-02-28 04:05:00,2026-02-28 04:10:00,5.0,,,,,
#1141365,2026-02-24,"Financeiro (Depósito, saque e Devolução)",Bárbara,Aberto,03:37,03:40,3.0,2026-02-28 23:45:00,2026-02-28 03:40:00,335.0,,,,,
#1142033,2026-02-24,Aposta esportiva,Bárbara,Aberto,04:49,04:51,2.0,2026-02-28 04:20:00,2026-02-28 04:51:00,31.0,,,,,
#1142057,2026-02-24,"Financeiro (Depósito, saque e Devolução)",Bárbara,Aberto,05:03,05:05,2.0,2026-02-28 04:51:00,2026-02-28 05:05:00,14.0,,,,,
#1142053,2026-02-24,Missão,Bárbara,Aberto,05:04,05:30,26.0,2026-02-28 05:04:00,2026-02-28 05:30:00,26.0,,,,,
#1142109,2026-02-24,Cassino,Bárbara,Aberto,06:23,06:27,4.0,2026-02-28 06:04:00,2026-02-28 06:27:00,23.0,,,,,
,,,,,,,,,,0.0,,,,,
#1148017,2026-02-25,Troca de E-mail,Bárbara,Aberto,19:06,19:10,4.0,2026-02-28 18:58:00,2026-02-28 19:10:00,12.0,,,,,
#1148603,2026-02-25,Aposta esportiva,Bárbara,Aberto,21:08,21:11,3.0,2026-02-28 21:08:00,2026-02-28 21:11:00,3.0,,,,,
#1148648,2026-02-25,Erro KYC,Bárbara,Em espera,21:31,21:32,1.0,2026-02-28 20:56:00,2026-02-28 21:32:00,36.0,,,,,
#1148504,2026-02-25,Campanhas/CRM,Bárbara,Aberto,21:38,21:40,2.0,2026-02-28 21:10:00,2026-02-28 21:40:00,30.0,,,,,
#1149131,2026-02-25,Erro Plataforma,Lucas,Aberto,23:58,00:03,5.0,2026-02-28 23:12:00,2026-02-28 00:03:00,58.0,,,,,
,,,,,,,3.0,,,0.0,,,,,
#1149526,2026-02-26,KYC/Reembolso,Lucas,Aberto,01:20,01:23,1.0,2026-02-28 00:52:00,2026-02-28 01:23:00,31.0,,,,,
#1149450,2026-02-26,Giros,Lucas,Aberto,01:36,01:37,1.0,2026-02-28 00:20:00,2026-02-28 01:37:00,117.0,,,,,
#1149071,2026-02-26,Giros,Lucas,Aberto,01:48,01:49,1.0,2026-02-28 23:22:00,2026-02-28 01:49:00,137.0,,,,,
#1149805,2026-02-26,Missão,Lucas,Aberto,02:02,02:03,1.0,2026-02-28 01:31:00,2026-02-28 02:03:00,32.0,,,,,
#1149781,2026-02-26,"Financeiro (Depósito, saque e Devolução)",Lucas,Aberto,02:08,02:20,12.0,2026-02-28 01:50:00,2026-02-28 02:20:00,30.0,,,,,
#1150067,2026-02-26,Erro KYC,Lucas,Em espera,02:39,02:41,2.0,2026-02-28 02:32:00,2026-02-28 02:41:00,9.0,,,,,
#1150227,2026-02-26,MED,Lucas,Aberto,03:42,03:51,9.0,2026-02-28 03:33:00,2026-02-28 03:51:00,18.0,,,,,
#1150093,2026-02-26,Giros,Lucas,Aberto,04:39,04:40,1.0,2026-02-28 03:55:00,2026-02-28 04:40:00,45.0,,,,,
#1149968,2026-02-26,Giros,Lucas,Aberto,05:02,05:03,1.0,2026-02-28 04:52:00,2026-02-28 05:03:00,11.0,,,,,
#1150370,2026-02-26,KYC/Reembolso,Lucas,Aberto,06:04,06:09,5.0,2026-02-28 06:02:00,2026-02-28 06:09:00,7.0,,,,,
#1150383,2026-02-26,Giros,Lucas,Aberto,06:19,06:25,6.0,2026-02-28 06:17:00,2026-02-28 06:27:00,10.0,,,,,
#1150391,2026-02-26,Erro KYC,Lucas,Em espera,06:30,06:32,2.0,2026-02-28 06:23:00,2026-02-28 06:32:00,9.0,,,,,
#1150406,2026-02-26,"Financeiro (Depósito, saque e Devolução)",Lucas,Aberto,06:34,06:55,21.0,2026-02-28 06:34:00,2026-02-28 06:55:00,21.0,,,,,
,,,,,,,,,,0.0,,,,,
#1156071,2026-02-26,KYC/Reembolso,Lucas,Aberto,19:32,19:35,3.0,2026-02-28 19:09:00,2026-02-28 19:48:00,39.0,,,,,
#1156521,2026-02-27,Troca de E-mail,Lucas,Aberto,20:38,20:43,5.0,2026-02-28 20:21:00,2026-02-28 20:43:00,22.0,,,,,
#1156635,2026-02-27,Giros,Lucas,Aberto,21:13,21:16,3.0,2026-02-28 21:05:00,2026-02-28 21:16:00,11.0,,,,,
#1156659,2026-02-27,"Financeiro (Depósito, saque e Devolução)",Lucas,Aberto,21:52,22:06,14.0,2026-02-28 21:40:00,2026-02-28 22:06:00,26.0,,,,,
#1156589,2026-02-27,"Financeiro (Depósito, saque e Devolução)",Lucas,Aberto,22:34,22:43,9.0,2026-02-28 21:56:00,2026-02-28 22:44:00,48.0,,,,,
#1156811,2026-02-27,Troca de E-mail,Lucas,Aberto,22:45,22:46,1.0,2026-02-28 22:36:00,2026-02-28 22:46:00,10.0,,,,,
,,,,,,,,,,0.0,,,,,
,,,,,,,,,,0.0,,,,,
,,,,,,,,,,0.0,,,,,
